problemId,title,difficulty,topics,leetcodeUrl
1,Two Sum,Easy,,https://leetcode.com/problems/two-sum/
2,Add Two Numbers,Medium,,https://leetcode.com/problems/add-two-numbers/
3,Longest Substring Without Repeating Characters,Medium,,https://leetcode.com/problems/longest-substring-without-repeating-characters/
4,Median of Two Sorted Arrays,Hard,,https://leetcode.com/problems/median-of-two-sorted-arrays/
5,Longest Palindromic Substring,Medium,,https://leetcode.com/problems/longest-palindromic-substring/
6,Zigzag Conversion,Medium,,https://leetcode.com/problems/zigzag-conversion/
7,Reverse Integer,Medium,,https://leetcode.com/problems/reverse-integer/
8,String to Integer (atoi),Medium,,https://leetcode.com/problems/string-to-integer-atoi/
9,Palindrome Number,Easy,,https://leetcode.com/problems/palindrome-number/
10,Regular Expression Matching,Hard,,https://leetcode.com/problems/regular-expression-matching/
11,Container With Most Water,Medium,,https://leetcode.com/problems/container-with-most-water/
12,Integer to Roman,Medium,,https://leetcode.com/problems/integer-to-roman/
13,Roman to Integer,Easy,,https://leetcode.com/problems/roman-to-integer/
14,Longest Common Prefix,Easy,,https://leetcode.com/problems/longest-common-prefix/
15,3Sum,Medium,,https://leetcode.com/problems/3sum/
16,3Sum Closest,Medium,,https://leetcode.com/problems/3sum-closest/
17,Letter Combinations of a Phone Number,Medium,,https://leetcode.com/problems/letter-combinations-of-a-phone-number/
18,4Sum,Medium,,https://leetcode.com/problems/4sum/
19,Remove Nth Node From End of List,Medium,,https://leetcode.com/problems/remove-nth-node-from-end-of-list/
20,Valid Parentheses,Easy,,https://leetcode.com/problems/valid-parentheses/
21,Merge Two Sorted Lists,Easy,,https://leetcode.com/problems/merge-two-sorted-lists/
22,Generate Parentheses,Medium,,https://leetcode.com/problems/generate-parentheses/
23,Merge k Sorted Lists,Hard,,https://leetcode.com/problems/merge-k-sorted-lists/
24,Swap Nodes in Pairs,Medium,,https://leetcode.com/problems/swap-nodes-in-pairs/
25,Reverse Nodes in k-Group,Hard,,https://leetcode.com/problems/reverse-nodes-in-k-group/
26,Remove Duplicates from Sorted Array,Easy,,https://leetcode.com/problems/remove-duplicates-from-sorted-array/
27,Remove Element,Easy,,https://leetcode.com/problems/remove-element/
28,Find the Index of the First Occurrence in a String,Easy,,https://leetcode.com/problems/find-the-index-of-the-first-occurrence-in-a-string/
29,Divide Two Integers,Medium,,https://leetcode.com/problems/divide-two-integers/
30,Substring with Concatenation of All Words,Hard,,https://leetcode.com/problems/substring-with-concatenation-of-all-words/
31,Next Permutation,Medium,,https://leetcode.com/problems/next-permutation/
32,Longest Valid Parentheses,Hard,,https://leetcode.com/problems/longest-valid-parentheses/
33,Search in Rotated Sorted Array,Medium,,https://leetcode.com/problems/search-in-rotated-sorted-array/
34,Find First and Last Position of Element in Sorted Array,Medium,,https://leetcode.com/problems/find-first-and-last-position-of-element-in-sorted-array/
35,Search Insert Position,Easy,,https://leetcode.com/problems/search-insert-position/
36,Valid Sudoku,Medium,,https://leetcode.com/problems/valid-sudoku/
37,Sudoku Solver,Hard,,https://leetcode.com/problems/sudoku-solver/
38,Count and Say,Medium,,https://leetcode.com/problems/count-and-say/
39,Combination Sum,Medium,,https://leetcode.com/problems/combination-sum/
40,Combination Sum II,Medium,,https://leetcode.com/problems/combination-sum-ii/
41,First Missing Positive,Hard,,https://leetcode.com/problems/first-missing-positive/
42,Trapping Rain Water,Hard,,https://leetcode.com/problems/trapping-rain-water/
43,Multiply Strings,Medium,,https://leetcode.com/problems/multiply-strings/
44,Wildcard Matching,Hard,,https://leetcode.com/problems/wildcard-matching/
45,Jump Game II,Medium,,https://leetcode.com/problems/jump-game-ii/
46,Permutations,Medium,,https://leetcode.com/problems/permutations/
47,Permutations II,Medium,,https://leetcode.com/problems/permutations-ii/
48,Rotate Image,Medium,,https://leetcode.com/problems/rotate-image/
49,Group Anagrams,Medium,,https://leetcode.com/problems/group-anagrams/
50,"Pow(x, n)",Medium,,https://leetcode.com/problems/powx-n/
51,N-Queens,Hard,,https://leetcode.com/problems/n-queens/
52,N-Queens II,Hard,,https://leetcode.com/problems/n-queens-ii/
53,Maximum Subarray,Medium,,https://leetcode.com/problems/maximum-subarray/
54,Spiral Matrix,Medium,,https://leetcode.com/problems/spiral-matrix/
55,Jump Game,Medium,,https://leetcode.com/problems/jump-game/
56,Merge Intervals,Medium,,https://leetcode.com/problems/merge-intervals/
57,Insert Interval,Medium,,https://leetcode.com/problems/insert-interval/
58,Length of Last Word,Easy,,https://leetcode.com/problems/length-of-last-word/
59,Spiral Matrix II,Medium,,https://leetcode.com/problems/spiral-matrix-ii/
60,Permutation Sequence,Hard,,https://leetcode.com/problems/permutation-sequence/
61,Rotate List,Medium,,https://leetcode.com/problems/rotate-list/
62,Unique Paths,Medium,,https://leetcode.com/problems/unique-paths/
63,Unique Paths II,Medium,,https://leetcode.com/problems/unique-paths-ii/
64,Minimum Path Sum,Medium,,https://leetcode.com/problems/minimum-path-sum/
65,Valid Number,Hard,,https://leetcode.com/problems/valid-number/
66,Plus One,Easy,,https://leetcode.com/problems/plus-one/
67,Add Binary,Easy,,https://leetcode.com/problems/add-binary/
68,Text Justification,Hard,,https://leetcode.com/problems/text-justification/
69,Sqrt(x),Easy,,https://leetcode.com/problems/sqrtx/
70,Climbing Stairs,Easy,,https://leetcode.com/problems/climbing-stairs/
71,Simplify Path,Medium,,https://leetcode.com/problems/simplify-path/
72,Edit Distance,Medium,,https://leetcode.com/problems/edit-distance/
73,Set Matrix Zeroes,Medium,,https://leetcode.com/problems/set-matrix-zeroes/
74,Search a 2D Matrix,Medium,,https://leetcode.com/problems/search-a-2d-matrix/
75,Sort Colors,Medium,,https://leetcode.com/problems/sort-colors/
76,Minimum Window Substring,Hard,,https://leetcode.com/problems/minimum-window-substring/
77,Combinations,Medium,,https://leetcode.com/problems/combinations/
78,Subsets,Medium,,https://leetcode.com/problems/subsets/
79,Word Search,Medium,,https://leetcode.com/problems/word-search/
80,Remove Duplicates from Sorted Array II,Medium,,https://leetcode.com/problems/remove-duplicates-from-sorted-array-ii/
81,Search in Rotated Sorted Array II,Medium,,https://leetcode.com/problems/search-in-rotated-sorted-array-ii/
82,Remove Duplicates from Sorted List II,Medium,,https://leetcode.com/problems/remove-duplicates-from-sorted-list-ii/
83,Remove Duplicates from Sorted List,Easy,,https://leetcode.com/problems/remove-duplicates-from-sorted-list/
84,Largest Rectangle in Histogram,Hard,,https://leetcode.com/problems/largest-rectangle-in-histogram/
85,Maximal Rectangle,Hard,,https://leetcode.com/problems/maximal-rectangle/
86,Partition List,Medium,,https://leetcode.com/problems/partition-list/
87,Scramble String,Hard,,https://leetcode.com/problems/scramble-string/
88,Merge Sorted Array,Easy,,https://leetcode.com/problems/merge-sorted-array/
89,Gray Code,Medium,,https://leetcode.com/problems/gray-code/
90,Subsets II,Medium,,https://leetcode.com/problems/subsets-ii/
91,Decode Ways,Medium,,https://leetcode.com/problems/decode-ways/
92,Reverse Linked List II,Medium,,https://leetcode.com/problems/reverse-linked-list-ii/
93,Restore IP Addresses,Medium,,https://leetcode.com/problems/restore-ip-addresses/
94,Binary Tree Inorder Traversal,Easy,,https://leetcode.com/problems/binary-tree-inorder-traversal/
95,Unique Binary Search Trees II,Medium,,https://leetcode.com/problems/unique-binary-search-trees-ii/
96,Unique Binary Search Trees,Medium,,https://leetcode.com/problems/unique-binary-search-trees/
97,Interleaving String,Medium,,https://leetcode.com/problems/interleaving-string/
98,Validate Binary Search Tree,Medium,,https://leetcode.com/problems/validate-binary-search-tree/
99,Recover Binary Search Tree,Medium,,https://leetcode.com/problems/recover-binary-search-tree/
100,Same Tree,Easy,,https://leetcode.com/problems/same-tree/
101,Symmetric Tree,Easy,,https://leetcode.com/problems/symmetric-tree/
102,Binary Tree Level Order Traversal,Medium,,https://leetcode.com/problems/binary-tree-level-order-traversal/
103,Binary Tree Zigzag Level Order Traversal,Medium,,https://leetcode.com/problems/binary-tree-zigzag-level-order-traversal/
104,Maximum Depth of Binary Tree,Easy,,https://leetcode.com/problems/maximum-depth-of-binary-tree/
105,Construct Binary Tree from Preorder and Inorder Traversal,Medium,,https://leetcode.com/problems/construct-binary-tree-from-preorder-and-inorder-traversal/
106,Construct Binary Tree from Inorder and Postorder Traversal,Medium,,https://leetcode.com/problems/construct-binary-tree-from-inorder-and-postorder-traversal/
107,Binary Tree Level Order Traversal II,Medium,,https://leetcode.com/problems/binary-tree-level-order-traversal-ii/
108,Convert Sorted Array to Binary Search Tree,Easy,,https://leetcode.com/problems/convert-sorted-array-to-binary-search-tree/
109,Convert Sorted List to Binary Search Tree,Medium,,https://leetcode.com/problems/convert-sorted-list-to-binary-search-tree/
110,Balanced Binary Tree,Easy,,https://leetcode.com/problems/balanced-binary-tree/
111,Minimum Depth of Binary Tree,Easy,,https://leetcode.com/problems/minimum-depth-of-binary-tree/
112,Path Sum,Easy,,https://leetcode.com/problems/path-sum/
113,Path Sum II,Medium,,https://leetcode.com/problems/path-sum-ii/
114,Flatten Binary Tree to Linked List,Medium,,https://leetcode.com/problems/flatten-binary-tree-to-linked-list/
115,Distinct Subsequences,Hard,,https://leetcode.com/problems/distinct-subsequences/
116,Populating Next Right Pointers in Each Node,Medium,,https://leetcode.com/problems/populating-next-right-pointers-in-each-node/
117,Populating Next Right Pointers in Each Node II,Medium,,https://leetcode.com/problems/populating-next-right-pointers-in-each-node-ii/
118,Pascal's Triangle,Easy,,https://leetcode.com/problems/pascals-triangle/
119,Pascal's Triangle II,Easy,,https://leetcode.com/problems/pascals-triangle-ii/
120,Triangle,Medium,,https://leetcode.com/problems/triangle/
121,Best Time to Buy and Sell Stock,Easy,,https://leetcode.com/problems/best-time-to-buy-and-sell-stock/
122,Best Time to Buy and Sell Stock II,Medium,,https://leetcode.com/problems/best-time-to-buy-and-sell-stock-ii/
123,Best Time to Buy and Sell Stock III,Hard,,https://leetcode.com/problems/best-time-to-buy-and-sell-stock-iii/
124,Binary Tree Maximum Path Sum,Hard,,https://leetcode.com/problems/binary-tree-maximum-path-sum/
125,Valid Palindrome,Easy,,https://leetcode.com/problems/valid-palindrome/
126,Word Ladder II,Hard,,https://leetcode.com/problems/word-ladder-ii/
127,Word Ladder,Hard,,https://leetcode.com/problems/word-ladder/
128,Longest Consecutive Sequence,Medium,,https://leetcode.com/problems/longest-consecutive-sequence/
129,Sum Root to Leaf Numbers,Medium,,https://leetcode.com/problems/sum-root-to-leaf-numbers/
130,Surrounded Regions,Medium,,https://leetcode.com/problems/surrounded-regions/
131,Palindrome Partitioning,Medium,,https://leetcode.com/problems/palindrome-partitioning/
132,Palindrome Partitioning II,Hard,,https://leetcode.com/problems/palindrome-partitioning-ii/
133,Clone Graph,Medium,,https://leetcode.com/problems/clone-graph/
134,Gas Station,Medium,,https://leetcode.com/problems/gas-station/
135,Candy,Hard,,https://leetcode.com/problems/candy/
136,Single Number,Easy,,https://leetcode.com/problems/single-number/
137,Single Number II,Medium,,https://leetcode.com/problems/single-number-ii/
138,Copy List with Random Pointer,Medium,,https://leetcode.com/problems/copy-list-with-random-pointer/
139,Word Break,Medium,,https://leetcode.com/problems/word-break/
140,Word Break II,Hard,,https://leetcode.com/problems/word-break-ii/
141,Linked List Cycle,Easy,,https://leetcode.com/problems/linked-list-cycle/
142,Linked List Cycle II,Medium,,https://leetcode.com/problems/linked-list-cycle-ii/
143,Reorder List,Medium,,https://leetcode.com/problems/reorder-list/
144,Binary Tree Preorder Traversal,Easy,,https://leetcode.com/problems/binary-tree-preorder-traversal/
145,Binary Tree Postorder Traversal,Easy,,https://leetcode.com/problems/binary-tree-postorder-traversal/
146,LRU Cache,Medium,,https://leetcode.com/problems/lru-cache/
147,Insertion Sort List,Medium,,https://leetcode.com/problems/insertion-sort-list/
148,Sort List,Medium,,https://leetcode.com/problems/sort-list/
149,Max Points on a Line,Hard,,https://leetcode.com/problems/max-points-on-a-line/
150,Evaluate Reverse Polish Notation,Medium,,https://leetcode.com/problems/evaluate-reverse-polish-notation/
151,Reverse Words in a String,Medium,,https://leetcode.com/problems/reverse-words-in-a-string/
152,Maximum Product Subarray,Medium,,https://leetcode.com/problems/maximum-product-subarray/
153,Find Minimum in Rotated Sorted Array,Medium,,https://leetcode.com/problems/find-minimum-in-rotated-sorted-array/
154,Find Minimum in Rotated Sorted Array II,Hard,,https://leetcode.com/problems/find-minimum-in-rotated-sorted-array-ii/
155,Min Stack,Medium,,https://leetcode.com/problems/min-stack/
160,Intersection of Two Linked Lists,Easy,,https://leetcode.com/problems/intersection-of-two-linked-lists/
162,Find Peak Element,Medium,,https://leetcode.com/problems/find-peak-element/
164,Maximum Gap,Medium,,https://leetcode.com/problems/maximum-gap/
165,Compare Version Numbers,Medium,,https://leetcode.com/problems/compare-version-numbers/
166,Fraction to Recurring Decimal,Medium,,https://leetcode.com/problems/fraction-to-recurring-decimal/
167,Two Sum II - Input Array Is Sorted,Medium,,https://leetcode.com/problems/two-sum-ii-input-array-is-sorted/
168,Excel Sheet Column Title,Easy,,https://leetcode.com/problems/excel-sheet-column-title/
169,Majority Element,Easy,,https://leetcode.com/problems/majority-element/
171,Excel Sheet Column Number,Easy,,https://leetcode.com/problems/excel-sheet-column-number/
172,Factorial Trailing Zeroes,Medium,,https://leetcode.com/problems/factorial-trailing-zeroes/
173,Binary Search Tree Iterator,Medium,,https://leetcode.com/problems/binary-search-tree-iterator/
174,Dungeon Game,Hard,,https://leetcode.com/problems/dungeon-game/
175,Combine Two Tables,Easy,,https://leetcode.com/problems/combine-two-tables/
176,Second Highest Salary,Medium,,https://leetcode.com/problems/second-highest-salary/
177,Nth Highest Salary,Medium,,https://leetcode.com/problems/nth-highest-salary/
178,Rank Scores,Medium,,https://leetcode.com/problems/rank-scores/
179,Largest Number,Medium,,https://leetcode.com/problems/largest-number/
180,Consecutive Numbers,Medium,,https://leetcode.com/problems/consecutive-numbers/
181,Employees Earning More Than Their Managers,Easy,,https://leetcode.com/problems/employees-earning-more-than-their-managers/
182,Duplicate Emails,Easy,,https://leetcode.com/problems/duplicate-emails/
183,Customers Who Never Order,Easy,,https://leetcode.com/problems/customers-who-never-order/
184,Department Highest Salary,Medium,,https://leetcode.com/problems/department-highest-salary/
185,Department Top Three Salaries,Hard,,https://leetcode.com/problems/department-top-three-salaries/
187,Repeated DNA Sequences,Medium,,https://leetcode.com/problems/repeated-dna-sequences/
188,Best Time to Buy and Sell Stock IV,Hard,,https://leetcode.com/problems/best-time-to-buy-and-sell-stock-iv/
189,Rotate Array,Medium,,https://leetcode.com/problems/rotate-array/
190,Reverse Bits,Easy,,https://leetcode.com/problems/reverse-bits/
191,Number of 1 Bits,Easy,,https://leetcode.com/problems/number-of-1-bits/
192,Word Frequency,Medium,,https://leetcode.com/problems/word-frequency/
193,Valid Phone Numbers,Easy,,https://leetcode.com/problems/valid-phone-numbers/
194,Transpose File,Medium,,https://leetcode.com/problems/transpose-file/
195,Tenth Line,Easy,,https://leetcode.com/problems/tenth-line/
196,Delete Duplicate Emails,Easy,,https://leetcode.com/problems/delete-duplicate-emails/
197,Rising Temperature,Easy,,https://leetcode.com/problems/rising-temperature/
198,House Robber,Medium,,https://leetcode.com/problems/house-robber/
199,Binary Tree Right Side View,Medium,,https://leetcode.com/problems/binary-tree-right-side-view/
200,Number of Islands,Medium,,https://leetcode.com/problems/number-of-islands/
201,Bitwise AND of Numbers Range,Medium,,https://leetcode.com/problems/bitwise-and-of-numbers-range/
202,Happy Number,Easy,,https://leetcode.com/problems/happy-number/
203,Remove Linked List Elements,Easy,,https://leetcode.com/problems/remove-linked-list-elements/
204,Count Primes,Medium,,https://leetcode.com/problems/count-primes/
205,Isomorphic Strings,Easy,,https://leetcode.com/problems/isomorphic-strings/
206,Reverse Linked List,Easy,,https://leetcode.com/problems/reverse-linked-list/
207,Course Schedule,Medium,,https://leetcode.com/problems/course-schedule/
208,Implement Trie (Prefix Tree),Medium,,https://leetcode.com/problems/implement-trie-prefix-tree/
209,Minimum Size Subarray Sum,Medium,,https://leetcode.com/problems/minimum-size-subarray-sum/
210,Course Schedule II,Medium,,https://leetcode.com/problems/course-schedule-ii/
211,Design Add and Search Words Data Structure,Medium,,https://leetcode.com/problems/design-add-and-search-words-data-structure/
212,Word Search II,Hard,,https://leetcode.com/problems/word-search-ii/
213,House Robber II,Medium,,https://leetcode.com/problems/house-robber-ii/
214,Shortest Palindrome,Hard,,https://leetcode.com/problems/shortest-palindrome/
215,Kth Largest Element in an Array,Medium,,https://leetcode.com/problems/kth-largest-element-in-an-array/
216,Combination Sum III,Medium,,https://leetcode.com/problems/combination-sum-iii/
217,Contains Duplicate,Easy,,https://leetcode.com/problems/contains-duplicate/
218,The Skyline Problem,Hard,,https://leetcode.com/problems/the-skyline-problem/
219,Contains Duplicate II,Easy,,https://leetcode.com/problems/contains-duplicate-ii/
220,Contains Duplicate III,Hard,,https://leetcode.com/problems/contains-duplicate-iii/
221,Maximal Square,Medium,,https://leetcode.com/problems/maximal-square/
222,Count Complete Tree Nodes,Easy,,https://leetcode.com/problems/count-complete-tree-nodes/
223,Rectangle Area,Medium,,https://leetcode.com/problems/rectangle-area/
224,Basic Calculator,Hard,,https://leetcode.com/problems/basic-calculator/
225,Implement Stack using Queues,Easy,,https://leetcode.com/problems/implement-stack-using-queues/
226,Invert Binary Tree,Easy,,https://leetcode.com/problems/invert-binary-tree/
227,Basic Calculator II,Medium,,https://leetcode.com/problems/basic-calculator-ii/
228,Summary Ranges,Easy,,https://leetcode.com/problems/summary-ranges/
229,Majority Element II,Medium,,https://leetcode.com/problems/majority-element-ii/
230,Kth Smallest Element in a BST,Medium,,https://leetcode.com/problems/kth-smallest-element-in-a-bst/
231,Power of Two,Easy,,https://leetcode.com/problems/power-of-two/
232,Implement Queue using Stacks,Easy,,https://leetcode.com/problems/implement-queue-using-stacks/
233,Number of Digit One,Hard,,https://leetcode.com/problems/number-of-digit-one/
234,Palindrome Linked List,Easy,,https://leetcode.com/problems/palindrome-linked-list/
235,Lowest Common Ancestor of a Binary Search Tree,Medium,,https://leetcode.com/problems/lowest-common-ancestor-of-a-binary-search-tree/
236,Lowest Common Ancestor of a Binary Tree,Medium,,https://leetcode.com/problems/lowest-common-ancestor-of-a-binary-tree/
237,Delete Node in a Linked List,Medium,,https://leetcode.com/problems/delete-node-in-a-linked-list/
238,Product of Array Except Self,Medium,,https://leetcode.com/problems/product-of-array-except-self/
239,Sliding Window Maximum,Hard,,https://leetcode.com/problems/sliding-window-maximum/
240,Search a 2D Matrix II,Medium,,https://leetcode.com/problems/search-a-2d-matrix-ii/
241,Different Ways to Add Parentheses,Medium,,https://leetcode.com/problems/different-ways-to-add-parentheses/
242,Valid Anagram,Easy,,https://leetcode.com/problems/valid-anagram/
257,Binary Tree Paths,Easy,,https://leetcode.com/problems/binary-tree-paths/
258,Add Digits,Easy,,https://leetcode.com/problems/add-digits/
260,Single Number III,Medium,,https://leetcode.com/problems/single-number-iii/
262,Trips and Users,Hard,,https://leetcode.com/problems/trips-and-users/
263,Ugly Number,Easy,,https://leetcode.com/problems/ugly-number/
264,Ugly Number II,Medium,,https://leetcode.com/problems/ugly-number-ii/
268,Missing Number,Easy,,https://leetcode.com/problems/missing-number/
273,Integer to English Words,Hard,,https://leetcode.com/problems/integer-to-english-words/
274,H-Index,Medium,,https://leetcode.com/problems/h-index/
275,H-Index II,Medium,,https://leetcode.com/problems/h-index-ii/
278,First Bad Version,Easy,,https://leetcode.com/problems/first-bad-version/
279,Perfect Squares,Medium,,https://leetcode.com/problems/perfect-squares/
282,Expression Add Operators,Hard,,https://leetcode.com/problems/expression-add-operators/
283,Move Zeroes,Easy,,https://leetcode.com/problems/move-zeroes/
284,Peeking Iterator,Medium,,https://leetcode.com/problems/peeking-iterator/
287,Find the Duplicate Number,Medium,,https://leetcode.com/problems/find-the-duplicate-number/
289,Game of Life,Medium,,https://leetcode.com/problems/game-of-life/
290,Word Pattern,Easy,,https://leetcode.com/problems/word-pattern/
292,Nim Game,Easy,,https://leetcode.com/problems/nim-game/
295,Find Median from Data Stream,Hard,,https://leetcode.com/problems/find-median-from-data-stream/
297,Serialize and Deserialize Binary Tree,Hard,,https://leetcode.com/problems/serialize-and-deserialize-binary-tree/
299,Bulls and Cows,Medium,,https://leetcode.com/problems/bulls-and-cows/
300,Longest Increasing Subsequence,Medium,,https://leetcode.com/problems/longest-increasing-subsequence/
301,Remove Invalid Parentheses,Hard,,https://leetcode.com/problems/remove-invalid-parentheses/
303,Range Sum Query - Immutable,Easy,,https://leetcode.com/problems/range-sum-query-immutable/
304,Range Sum Query 2D - Immutable,Medium,,https://leetcode.com/problems/range-sum-query-2d-immutable/
306,Additive Number,Medium,,https://leetcode.com/problems/additive-number/
307,Range Sum Query - Mutable,Medium,,https://leetcode.com/problems/range-sum-query-mutable/
309,Best Time to Buy and Sell Stock with Cooldown,Medium,,https://leetcode.com/problems/best-time-to-buy-and-sell-stock-with-cooldown/
310,Minimum Height Trees,Medium,,https://leetcode.com/problems/minimum-height-trees/
312,Burst Balloons,Hard,,https://leetcode.com/problems/burst-balloons/
313,Super Ugly Number,Medium,,https://leetcode.com/problems/super-ugly-number/
315,Count of Smaller Numbers After Self,Hard,,https://leetcode.com/problems/count-of-smaller-numbers-after-self/
316,Remove Duplicate Letters,Medium,,https://leetcode.com/problems/remove-duplicate-letters/
318,Maximum Product of Word Lengths,Medium,,https://leetcode.com/problems/maximum-product-of-word-lengths/
319,Bulb Switcher,Medium,,https://leetcode.com/problems/bulb-switcher/
321,Create Maximum Number,Hard,,https://leetcode.com/problems/create-maximum-number/
322,Coin Change,Medium,,https://leetcode.com/problems/coin-change/
324,Wiggle Sort II,Medium,,https://leetcode.com/problems/wiggle-sort-ii/
326,Power of Three,Easy,,https://leetcode.com/problems/power-of-three/
327,Count of Range Sum,Hard,,https://leetcode.com/problems/count-of-range-sum/
328,Odd Even Linked List,Medium,,https://leetcode.com/problems/odd-even-linked-list/
329,Longest Increasing Path in a Matrix,Hard,,https://leetcode.com/problems/longest-increasing-path-in-a-matrix/
330,Patching Array,Hard,,https://leetcode.com/problems/patching-array/
331,Verify Preorder Serialization of a Binary Tree,Medium,,https://leetcode.com/problems/verify-preorder-serialization-of-a-binary-tree/
332,Reconstruct Itinerary,Hard,,https://leetcode.com/problems/reconstruct-itinerary/
334,Increasing Triplet Subsequence,Medium,,https://leetcode.com/problems/increasing-triplet-subsequence/
335,Self Crossing,Hard,,https://leetcode.com/problems/self-crossing/
336,Palindrome Pairs,Hard,,https://leetcode.com/problems/palindrome-pairs/
337,House Robber III,Medium,,https://leetcode.com/problems/house-robber-iii/
338,Counting Bits,Easy,,https://leetcode.com/problems/counting-bits/
341,Flatten Nested List Iterator,Medium,,https://leetcode.com/problems/flatten-nested-list-iterator/
342,Power of Four,Easy,,https://leetcode.com/problems/power-of-four/
343,Integer Break,Medium,,https://leetcode.com/problems/integer-break/
344,Reverse String,Easy,,https://leetcode.com/problems/reverse-string/
345,Reverse Vowels of a String,Easy,,https://leetcode.com/problems/reverse-vowels-of-a-string/
347,Top K Frequent Elements,Medium,,https://leetcode.com/problems/top-k-frequent-elements/
349,Intersection of Two Arrays,Easy,,https://leetcode.com/problems/intersection-of-two-arrays/
350,Intersection of Two Arrays II,Easy,,https://leetcode.com/problems/intersection-of-two-arrays-ii/
352,Data Stream as Disjoint Intervals,Hard,,https://leetcode.com/problems/data-stream-as-disjoint-intervals/
354,Russian Doll Envelopes,Hard,,https://leetcode.com/problems/russian-doll-envelopes/
355,Design Twitter,Medium,,https://leetcode.com/problems/design-twitter/
357,Count Numbers with Unique Digits,Medium,,https://leetcode.com/problems/count-numbers-with-unique-digits/
363,Max Sum of Rectangle No Larger Than K,Hard,,https://leetcode.com/problems/max-sum-of-rectangle-no-larger-than-k/
365,Water and Jug Problem,Medium,,https://leetcode.com/problems/water-and-jug-problem/
367,Valid Perfect Square,Easy,,https://leetcode.com/problems/valid-perfect-square/
368,Largest Divisible Subset,Medium,,https://leetcode.com/problems/largest-divisible-subset/
371,Sum of Two Integers,Medium,,https://leetcode.com/problems/sum-of-two-integers/
372,Super Pow,Medium,,https://leetcode.com/problems/super-pow/
373,Find K Pairs with Smallest Sums,Medium,,https://leetcode.com/problems/find-k-pairs-with-smallest-sums/
374,Guess Number Higher or Lower,Easy,,https://leetcode.com/problems/guess-number-higher-or-lower/
375,Guess Number Higher or Lower II,Medium,,https://leetcode.com/problems/guess-number-higher-or-lower-ii/
376,Wiggle Subsequence,Medium,,https://leetcode.com/problems/wiggle-subsequence/
377,Combination Sum IV,Medium,,https://leetcode.com/problems/combination-sum-iv/
378,Kth Smallest Element in a Sorted Matrix,Medium,,https://leetcode.com/problems/kth-smallest-element-in-a-sorted-matrix/
380,Insert Delete GetRandom O(1),Medium,,https://leetcode.com/problems/insert-delete-getrandom-o1/
381,Insert Delete GetRandom O(1) - Duplicates allowed,Hard,,https://leetcode.com/problems/insert-delete-getrandom-o1-duplicates-allowed/
382,Linked List Random Node,Medium,,https://leetcode.com/problems/linked-list-random-node/
383,Ransom Note,Easy,,https://leetcode.com/problems/ransom-note/
384,Shuffle an Array,Medium,,https://leetcode.com/problems/shuffle-an-array/
385,Mini Parser,Medium,,https://leetcode.com/problems/mini-parser/
386,Lexicographical Numbers,Medium,,https://leetcode.com/problems/lexicographical-numbers/
387,First Unique Character in a String,Easy,,https://leetcode.com/problems/first-unique-character-in-a-string/
388,Longest Absolute File Path,Medium,,https://leetcode.com/problems/longest-absolute-file-path/
389,Find the Difference,Easy,,https://leetcode.com/problems/find-the-difference/
390,Elimination Game,Medium,,https://leetcode.com/problems/elimination-game/
391,Perfect Rectangle,Hard,,https://leetcode.com/problems/perfect-rectangle/
392,Is Subsequence,Easy,,https://leetcode.com/problems/is-subsequence/
393,UTF-8 Validation,Medium,,https://leetcode.com/problems/utf-8-validation/
394,Decode String,Medium,,https://leetcode.com/problems/decode-string/
395,Longest Substring with At Least K Repeating Characters,Medium,,https://leetcode.com/problems/longest-substring-with-at-least-k-repeating-characters/
396,Rotate Function,Medium,,https://leetcode.com/problems/rotate-function/
397,Integer Replacement,Medium,,https://leetcode.com/problems/integer-replacement/
398,Random Pick Index,Medium,,https://leetcode.com/problems/random-pick-index/
399,Evaluate Division,Medium,,https://leetcode.com/problems/evaluate-division/
400,Nth Digit,Medium,,https://leetcode.com/problems/nth-digit/
401,Binary Watch,Easy,,https://leetcode.com/problems/binary-watch/
402,Remove K Digits,Medium,,https://leetcode.com/problems/remove-k-digits/
403,Frog Jump,Hard,,https://leetcode.com/problems/frog-jump/
404,Sum of Left Leaves,Easy,,https://leetcode.com/problems/sum-of-left-leaves/
405,Convert a Number to Hexadecimal,Easy,,https://leetcode.com/problems/convert-a-number-to-hexadecimal/
406,Queue Reconstruction by Height,Medium,,https://leetcode.com/problems/queue-reconstruction-by-height/
407,Trapping Rain Water II,Hard,,https://leetcode.com/problems/trapping-rain-water-ii/
409,Longest Palindrome,Easy,,https://leetcode.com/problems/longest-palindrome/
410,Split Array Largest Sum,Hard,,https://leetcode.com/problems/split-array-largest-sum/
412,Fizz Buzz,Easy,,https://leetcode.com/problems/fizz-buzz/
413,Arithmetic Slices,Medium,,https://leetcode.com/problems/arithmetic-slices/
414,Third Maximum Number,Easy,,https://leetcode.com/problems/third-maximum-number/
415,Add Strings,Easy,,https://leetcode.com/problems/add-strings/
416,Partition Equal Subset Sum,Medium,,https://leetcode.com/problems/partition-equal-subset-sum/
417,Pacific Atlantic Water Flow,Medium,,https://leetcode.com/problems/pacific-atlantic-water-flow/
419,Battleships in a Board,Medium,,https://leetcode.com/problems/battleships-in-a-board/
420,Strong Password Checker,Hard,,https://leetcode.com/problems/strong-password-checker/
421,Maximum XOR of Two Numbers in an Array,Medium,,https://leetcode.com/problems/maximum-xor-of-two-numbers-in-an-array/
423,Reconstruct Original Digits from English,Medium,,https://leetcode.com/problems/reconstruct-original-digits-from-english/
424,Longest Repeating Character Replacement,Medium,,https://leetcode.com/problems/longest-repeating-character-replacement/
427,Construct Quad Tree,Medium,,https://leetcode.com/problems/construct-quad-tree/
429,N-ary Tree Level Order Traversal,Medium,,https://leetcode.com/problems/n-ary-tree-level-order-traversal/
430,Flatten a Multilevel Doubly Linked List,Medium,,https://leetcode.com/problems/flatten-a-multilevel-doubly-linked-list/
432,All O`one Data Structure,Hard,,https://leetcode.com/problems/all-oone-data-structure/
433,Minimum Genetic Mutation,Medium,,https://leetcode.com/problems/minimum-genetic-mutation/
434,Number of Segments in a String,Easy,,https://leetcode.com/problems/number-of-segments-in-a-string/
435,Non-overlapping Intervals,Medium,,https://leetcode.com/problems/non-overlapping-intervals/
436,Find Right Interval,Medium,,https://leetcode.com/problems/find-right-interval/
437,Path Sum III,Medium,,https://leetcode.com/problems/path-sum-iii/
438,Find All Anagrams in a String,Medium,,https://leetcode.com/problems/find-all-anagrams-in-a-string/
440,K-th Smallest in Lexicographical Order,Hard,,https://leetcode.com/problems/k-th-smallest-in-lexicographical-order/
441,Arranging Coins,Easy,,https://leetcode.com/problems/arranging-coins/
442,Find All Duplicates in an Array,Medium,,https://leetcode.com/problems/find-all-duplicates-in-an-array/
443,String Compression,Medium,,https://leetcode.com/problems/string-compression/
445,Add Two Numbers II,Medium,,https://leetcode.com/problems/add-two-numbers-ii/
446,Arithmetic Slices II - Subsequence,Hard,,https://leetcode.com/problems/arithmetic-slices-ii-subsequence/
447,Number of Boomerangs,Medium,,https://leetcode.com/problems/number-of-boomerangs/
448,Find All Numbers Disappeared in an Array,Easy,,https://leetcode.com/problems/find-all-numbers-disappeared-in-an-array/
449,Serialize and Deserialize BST,Medium,,https://leetcode.com/problems/serialize-and-deserialize-bst/
450,Delete Node in a BST,Medium,,https://leetcode.com/problems/delete-node-in-a-bst/
451,Sort Characters By Frequency,Medium,,https://leetcode.com/problems/sort-characters-by-frequency/
452,Minimum Number of Arrows to Burst Balloons,Medium,,https://leetcode.com/problems/minimum-number-of-arrows-to-burst-balloons/
453,Minimum Moves to Equal Array Elements,Medium,,https://leetcode.com/problems/minimum-moves-to-equal-array-elements/
454,4Sum II,Medium,,https://leetcode.com/problems/4sum-ii/
455,Assign Cookies,Easy,,https://leetcode.com/problems/assign-cookies/
456,132 Pattern,Medium,,https://leetcode.com/problems/132-pattern/
457,Circular Array Loop,Medium,,https://leetcode.com/problems/circular-array-loop/
458,Poor Pigs,Hard,,https://leetcode.com/problems/poor-pigs/
459,Repeated Substring Pattern,Easy,,https://leetcode.com/problems/repeated-substring-pattern/
460,LFU Cache,Hard,,https://leetcode.com/problems/lfu-cache/
461,Hamming Distance,Easy,,https://leetcode.com/problems/hamming-distance/
462,Minimum Moves to Equal Array Elements II,Medium,,https://leetcode.com/problems/minimum-moves-to-equal-array-elements-ii/
463,Island Perimeter,Easy,,https://leetcode.com/problems/island-perimeter/
464,Can I Win,Medium,,https://leetcode.com/problems/can-i-win/
466,Count The Repetitions,Hard,,https://leetcode.com/problems/count-the-repetitions/
467,Unique Substrings in Wraparound String,Medium,,https://leetcode.com/problems/unique-substrings-in-wraparound-string/
468,Validate IP Address,Medium,,https://leetcode.com/problems/validate-ip-address/
470,Implement Rand10() Using Rand7(),Medium,,https://leetcode.com/problems/implement-rand10-using-rand7/
472,Concatenated Words,Hard,,https://leetcode.com/problems/concatenated-words/
473,Matchsticks to Square,Medium,,https://leetcode.com/problems/matchsticks-to-square/
474,Ones and Zeroes,Medium,,https://leetcode.com/problems/ones-and-zeroes/
475,Heaters,Medium,,https://leetcode.com/problems/heaters/
476,Number Complement,Easy,,https://leetcode.com/problems/number-complement/
477,Total Hamming Distance,Medium,,https://leetcode.com/problems/total-hamming-distance/
478,Generate Random Point in a Circle,Medium,,https://leetcode.com/problems/generate-random-point-in-a-circle/
479,Largest Palindrome Product,Hard,,https://leetcode.com/problems/largest-palindrome-product/
480,Sliding Window Median,Hard,,https://leetcode.com/problems/sliding-window-median/
481,Magical String,Medium,,https://leetcode.com/problems/magical-string/
482,License Key Formatting,Easy,,https://leetcode.com/problems/license-key-formatting/
483,Smallest Good Base,Hard,,https://leetcode.com/problems/smallest-good-base/
485,Max Consecutive Ones,Easy,,https://leetcode.com/problems/max-consecutive-ones/
486,Predict the Winner,Medium,,https://leetcode.com/problems/predict-the-winner/
488,Zuma Game,Hard,,https://leetcode.com/problems/zuma-game/
491,Non-decreasing Subsequences,Medium,,https://leetcode.com/problems/non-decreasing-subsequences/
492,Construct the Rectangle,Easy,,https://leetcode.com/problems/construct-the-rectangle/
493,Reverse Pairs,Hard,,https://leetcode.com/problems/reverse-pairs/
494,Target Sum,Medium,,https://leetcode.com/problems/target-sum/
495,Teemo Attacking,Easy,,https://leetcode.com/problems/teemo-attacking/
496,Next Greater Element I,Easy,,https://leetcode.com/problems/next-greater-element-i/
497,Random Point in Non-overlapping Rectangles,Medium,,https://leetcode.com/problems/random-point-in-non-overlapping-rectangles/
498,Diagonal Traverse,Medium,,https://leetcode.com/problems/diagonal-traverse/
500,Keyboard Row,Easy,,https://leetcode.com/problems/keyboard-row/
501,Find Mode in Binary Search Tree,Easy,,https://leetcode.com/problems/find-mode-in-binary-search-tree/
502,IPO,Hard,,https://leetcode.com/problems/ipo/
503,Next Greater Element II,Medium,,https://leetcode.com/problems/next-greater-element-ii/
504,Base 7,Easy,,https://leetcode.com/problems/base-7/
506,Relative Ranks,Easy,,https://leetcode.com/problems/relative-ranks/
507,Perfect Number,Easy,,https://leetcode.com/problems/perfect-number/
508,Most Frequent Subtree Sum,Medium,,https://leetcode.com/problems/most-frequent-subtree-sum/
509,Fibonacci Number,Easy,,https://leetcode.com/problems/fibonacci-number/
511,Game Play Analysis I,Easy,,https://leetcode.com/problems/game-play-analysis-i/
513,Find Bottom Left Tree Value,Medium,,https://leetcode.com/problems/find-bottom-left-tree-value/
514,Freedom Trail,Hard,,https://leetcode.com/problems/freedom-trail/
515,Find Largest Value in Each Tree Row,Medium,,https://leetcode.com/problems/find-largest-value-in-each-tree-row/
516,Longest Palindromic Subsequence,Medium,,https://leetcode.com/problems/longest-palindromic-subsequence/
517,Super Washing Machines,Hard,,https://leetcode.com/problems/super-washing-machines/
518,Coin Change II,Medium,,https://leetcode.com/problems/coin-change-ii/
519,Random Flip Matrix,Medium,,https://leetcode.com/problems/random-flip-matrix/
520,Detect Capital,Easy,,https://leetcode.com/problems/detect-capital/
521,Longest Uncommon Subsequence I,Easy,,https://leetcode.com/problems/longest-uncommon-subsequence-i/
522,Longest Uncommon Subsequence II,Medium,,https://leetcode.com/problems/longest-uncommon-subsequence-ii/
523,Continuous Subarray Sum,Medium,,https://leetcode.com/problems/continuous-subarray-sum/
524,Longest Word in Dictionary through Deleting,Medium,,https://leetcode.com/problems/longest-word-in-dictionary-through-deleting/
525,Contiguous Array,Medium,,https://leetcode.com/problems/contiguous-array/
526,Beautiful Arrangement,Medium,,https://leetcode.com/problems/beautiful-arrangement/
528,Random Pick with Weight,Medium,,https://leetcode.com/problems/random-pick-with-weight/
529,Minesweeper,Medium,,https://leetcode.com/problems/minesweeper/
530,Minimum Absolute Difference in BST,Easy,,https://leetcode.com/problems/minimum-absolute-difference-in-bst/
532,K-diff Pairs in an Array,Medium,,https://leetcode.com/problems/k-diff-pairs-in-an-array/
535,Encode and Decode TinyURL,Medium,,https://leetcode.com/problems/encode-and-decode-tinyurl/
537,Complex Number Multiplication,Medium,,https://leetcode.com/problems/complex-number-multiplication/
538,Convert BST to Greater Tree,Medium,,https://leetcode.com/problems/convert-bst-to-greater-tree/
539,Minimum Time Difference,Medium,,https://leetcode.com/problems/minimum-time-difference/
540,Single Element in a Sorted Array,Medium,,https://leetcode.com/problems/single-element-in-a-sorted-array/
541,Reverse String II,Easy,,https://leetcode.com/problems/reverse-string-ii/
542,01 Matrix,Medium,,https://leetcode.com/problems/01-matrix/
543,Diameter of Binary Tree,Easy,,https://leetcode.com/problems/diameter-of-binary-tree/
546,Remove Boxes,Hard,,https://leetcode.com/problems/remove-boxes/
547,Number of Provinces,Medium,,https://leetcode.com/problems/number-of-provinces/
550,Game Play Analysis IV,Medium,,https://leetcode.com/problems/game-play-analysis-iv/
551,Student Attendance Record I,Easy,,https://leetcode.com/problems/student-attendance-record-i/
552,Student Attendance Record II,Hard,,https://leetcode.com/problems/student-attendance-record-ii/
553,Optimal Division,Medium,,https://leetcode.com/problems/optimal-division/
554,Brick Wall,Medium,,https://leetcode.com/problems/brick-wall/
556,Next Greater Element III,Medium,,https://leetcode.com/problems/next-greater-element-iii/
557,Reverse Words in a String III,Easy,,https://leetcode.com/problems/reverse-words-in-a-string-iii/
558,Logical OR of Two Binary Grids Represented as Quad-Trees,Medium,,https://leetcode.com/problems/logical-or-of-two-binary-grids-represented-as-quad-trees/
559,Maximum Depth of N-ary Tree,Easy,,https://leetcode.com/problems/maximum-depth-of-n-ary-tree/
560,Subarray Sum Equals K,Medium,,https://leetcode.com/problems/subarray-sum-equals-k/
561,Array Partition,Easy,,https://leetcode.com/problems/array-partition/
563,Binary Tree Tilt,Easy,,https://leetcode.com/problems/binary-tree-tilt/
564,Find the Closest Palindrome,Hard,,https://leetcode.com/problems/find-the-closest-palindrome/
565,Array Nesting,Medium,,https://leetcode.com/problems/array-nesting/
566,Reshape the Matrix,Easy,,https://leetcode.com/problems/reshape-the-matrix/
567,Permutation in String,Medium,,https://leetcode.com/problems/permutation-in-string/
570,Managers with at Least 5 Direct Reports,Medium,,https://leetcode.com/problems/managers-with-at-least-5-direct-reports/
572,Subtree of Another Tree,Easy,,https://leetcode.com/problems/subtree-of-another-tree/
575,Distribute Candies,Easy,,https://leetcode.com/problems/distribute-candies/
576,Out of Boundary Paths,Medium,,https://leetcode.com/problems/out-of-boundary-paths/
577,Employee Bonus,Easy,,https://leetcode.com/problems/employee-bonus/
581,Shortest Unsorted Continuous Subarray,Medium,,https://leetcode.com/problems/shortest-unsorted-continuous-subarray/
583,Delete Operation for Two Strings,Medium,,https://leetcode.com/problems/delete-operation-for-two-strings/
584,Find Customer Referee,Easy,,https://leetcode.com/problems/find-customer-referee/
585,Investments in 2016,Medium,,https://leetcode.com/problems/investments-in-2016/
586,Customer Placing the Largest Number of Orders,Easy,,https://leetcode.com/problems/customer-placing-the-largest-number-of-orders/
587,Erect the Fence,Hard,,https://leetcode.com/problems/erect-the-fence/
589,N-ary Tree Preorder Traversal,Easy,,https://leetcode.com/problems/n-ary-tree-preorder-traversal/
590,N-ary Tree Postorder Traversal,Easy,,https://leetcode.com/problems/n-ary-tree-postorder-traversal/
591,Tag Validator,Hard,,https://leetcode.com/problems/tag-validator/
592,Fraction Addition and Subtraction,Medium,,https://leetcode.com/problems/fraction-addition-and-subtraction/
593,Valid Square,Medium,,https://leetcode.com/problems/valid-square/
594,Longest Harmonious Subsequence,Easy,,https://leetcode.com/problems/longest-harmonious-subsequence/
595,Big Countries,Easy,,https://leetcode.com/problems/big-countries/
596,Classes More Than 5 Students,Easy,,https://leetcode.com/problems/classes-more-than-5-students/
598,Range Addition II,Easy,,https://leetcode.com/problems/range-addition-ii/
599,Minimum Index Sum of Two Lists,Easy,,https://leetcode.com/problems/minimum-index-sum-of-two-lists/
600,Non-negative Integers without Consecutive Ones,Hard,,https://leetcode.com/problems/non-negative-integers-without-consecutive-ones/
601,Human Traffic of Stadium,Hard,,https://leetcode.com/problems/human-traffic-of-stadium/
602,Friend Requests II: Who Has the Most Friends,Medium,,https://leetcode.com/problems/friend-requests-ii-who-has-the-most-friends/
605,Can Place Flowers,Easy,,https://leetcode.com/problems/can-place-flowers/
606,Construct String from Binary Tree,Medium,,https://leetcode.com/problems/construct-string-from-binary-tree/
607,Sales Person,Easy,,https://leetcode.com/problems/sales-person/
608,Tree Node,Medium,,https://leetcode.com/problems/tree-node/
609,Find Duplicate File in System,Medium,,https://leetcode.com/problems/find-duplicate-file-in-system/
610,Triangle Judgement,Easy,,https://leetcode.com/problems/triangle-judgement/
611,Valid Triangle Number,Medium,,https://leetcode.com/problems/valid-triangle-number/
617,Merge Two Binary Trees,Easy,,https://leetcode.com/problems/merge-two-binary-trees/
619,Biggest Single Number,Easy,,https://leetcode.com/problems/biggest-single-number/
620,Not Boring Movies,Easy,,https://leetcode.com/problems/not-boring-movies/
621,Task Scheduler,Medium,,https://leetcode.com/problems/task-scheduler/
622,Design Circular Queue,Medium,,https://leetcode.com/problems/design-circular-queue/
623,Add One Row to Tree,Medium,,https://leetcode.com/problems/add-one-row-to-tree/
624,Maximum Distance in Arrays,Medium,,https://leetcode.com/problems/maximum-distance-in-arrays/
626,Exchange Seats,Medium,,https://leetcode.com/problems/exchange-seats/
627,Swap Salary,Easy,,https://leetcode.com/problems/swap-salary/
628,Maximum Product of Three Numbers,Easy,,https://leetcode.com/problems/maximum-product-of-three-numbers/
629,K Inverse Pairs Array,Hard,,https://leetcode.com/problems/k-inverse-pairs-array/
630,Course Schedule III,Hard,,https://leetcode.com/problems/course-schedule-iii/
632,Smallest Range Covering Elements from K Lists,Hard,,https://leetcode.com/problems/smallest-range-covering-elements-from-k-lists/
633,Sum of Square Numbers,Medium,,https://leetcode.com/problems/sum-of-square-numbers/
636,Exclusive Time of Functions,Medium,,https://leetcode.com/problems/exclusive-time-of-functions/
637,Average of Levels in Binary Tree,Easy,,https://leetcode.com/problems/average-of-levels-in-binary-tree/
638,Shopping Offers,Medium,,https://leetcode.com/problems/shopping-offers/
639,Decode Ways II,Hard,,https://leetcode.com/problems/decode-ways-ii/
640,Solve the Equation,Medium,,https://leetcode.com/problems/solve-the-equation/
641,Design Circular Deque,Medium,,https://leetcode.com/problems/design-circular-deque/
643,Maximum Average Subarray I,Easy,,https://leetcode.com/problems/maximum-average-subarray-i/
645,Set Mismatch,Easy,,https://leetcode.com/problems/set-mismatch/
646,Maximum Length of Pair Chain,Medium,,https://leetcode.com/problems/maximum-length-of-pair-chain/
647,Palindromic Substrings,Medium,,https://leetcode.com/problems/palindromic-substrings/
648,Replace Words,Medium,,https://leetcode.com/problems/replace-words/
649,Dota2 Senate,Medium,,https://leetcode.com/problems/dota2-senate/
650,2 Keys Keyboard,Medium,,https://leetcode.com/problems/2-keys-keyboard/
652,Find Duplicate Subtrees,Medium,,https://leetcode.com/problems/find-duplicate-subtrees/
653,Two Sum IV - Input is a BST,Easy,,https://leetcode.com/problems/two-sum-iv-input-is-a-bst/
654,Maximum Binary Tree,Medium,,https://leetcode.com/problems/maximum-binary-tree/
655,Print Binary Tree,Medium,,https://leetcode.com/problems/print-binary-tree/
657,Robot Return to Origin,Easy,,https://leetcode.com/problems/robot-return-to-origin/
658,Find K Closest Elements,Medium,,https://leetcode.com/problems/find-k-closest-elements/
659,Split Array into Consecutive Subsequences,Medium,,https://leetcode.com/problems/split-array-into-consecutive-subsequences/
661,Image Smoother,Easy,,https://leetcode.com/problems/image-smoother/
662,Maximum Width of Binary Tree,Medium,,https://leetcode.com/problems/maximum-width-of-binary-tree/
664,Strange Printer,Hard,,https://leetcode.com/problems/strange-printer/
665,Non-decreasing Array,Medium,,https://leetcode.com/problems/non-decreasing-array/
667,Beautiful Arrangement II,Medium,,https://leetcode.com/problems/beautiful-arrangement-ii/
668,Kth Smallest Number in Multiplication Table,Hard,,https://leetcode.com/problems/kth-smallest-number-in-multiplication-table/
669,Trim a Binary Search Tree,Medium,,https://leetcode.com/problems/trim-a-binary-search-tree/
670,Maximum Swap,Medium,,https://leetcode.com/problems/maximum-swap/
671,Second Minimum Node In a Binary Tree,Easy,,https://leetcode.com/problems/second-minimum-node-in-a-binary-tree/
672,Bulb Switcher II,Medium,,https://leetcode.com/problems/bulb-switcher-ii/
673,Number of Longest Increasing Subsequence,Medium,,https://leetcode.com/problems/number-of-longest-increasing-subsequence/
674,Longest Continuous Increasing Subsequence,Easy,,https://leetcode.com/problems/longest-continuous-increasing-subsequence/
675,Cut Off Trees for Golf Event,Hard,,https://leetcode.com/problems/cut-off-trees-for-golf-event/
676,Implement Magic Dictionary,Medium,,https://leetcode.com/problems/implement-magic-dictionary/
677,Map Sum Pairs,Medium,,https://leetcode.com/problems/map-sum-pairs/
678,Valid Parenthesis String,Medium,,https://leetcode.com/problems/valid-parenthesis-string/
679,24 Game,Hard,,https://leetcode.com/problems/24-game/
680,Valid Palindrome II,Easy,,https://leetcode.com/problems/valid-palindrome-ii/
682,Baseball Game,Easy,,https://leetcode.com/problems/baseball-game/
684,Redundant Connection,Medium,,https://leetcode.com/problems/redundant-connection/
685,Redundant Connection II,Hard,,https://leetcode.com/problems/redundant-connection-ii/
686,Repeated String Match,Medium,,https://leetcode.com/problems/repeated-string-match/
687,Longest Univalue Path,Medium,,https://leetcode.com/problems/longest-univalue-path/
688,Knight Probability in Chessboard,Medium,,https://leetcode.com/problems/knight-probability-in-chessboard/
689,Maximum Sum of 3 Non-Overlapping Subarrays,Hard,,https://leetcode.com/problems/maximum-sum-of-3-non-overlapping-subarrays/
690,Employee Importance,Medium,,https://leetcode.com/problems/employee-importance/
691,Stickers to Spell Word,Hard,,https://leetcode.com/problems/stickers-to-spell-word/
692,Top K Frequent Words,Medium,,https://leetcode.com/problems/top-k-frequent-words/
693,Binary Number with Alternating Bits,Easy,,https://leetcode.com/problems/binary-number-with-alternating-bits/
695,Max Area of Island,Medium,,https://leetcode.com/problems/max-area-of-island/
696,Count Binary Substrings,Easy,,https://leetcode.com/problems/count-binary-substrings/
697,Degree of an Array,Easy,,https://leetcode.com/problems/degree-of-an-array/
698,Partition to K Equal Sum Subsets,Medium,,https://leetcode.com/problems/partition-to-k-equal-sum-subsets/
699,Falling Squares,Hard,,https://leetcode.com/problems/falling-squares/
700,Search in a Binary Search Tree,Easy,,https://leetcode.com/problems/search-in-a-binary-search-tree/
701,Insert into a Binary Search Tree,Medium,,https://leetcode.com/problems/insert-into-a-binary-search-tree/
703,Kth Largest Element in a Stream,Easy,,https://leetcode.com/problems/kth-largest-element-in-a-stream/
704,Binary Search,Easy,,https://leetcode.com/problems/binary-search/
705,Design HashSet,Easy,,https://leetcode.com/problems/design-hashset/
706,Design HashMap,Easy,,https://leetcode.com/problems/design-hashmap/
707,Design Linked List,Medium,,https://leetcode.com/problems/design-linked-list/
709,To Lower Case,Easy,,https://leetcode.com/problems/to-lower-case/
710,Random Pick with Blacklist,Hard,,https://leetcode.com/problems/random-pick-with-blacklist/
712,Minimum ASCII Delete Sum for Two Strings,Medium,,https://leetcode.com/problems/minimum-ascii-delete-sum-for-two-strings/
713,Subarray Product Less Than K,Medium,,https://leetcode.com/problems/subarray-product-less-than-k/
714,Best Time to Buy and Sell Stock with Transaction Fee,Medium,,https://leetcode.com/problems/best-time-to-buy-and-sell-stock-with-transaction-fee/
715,Range Module,Hard,,https://leetcode.com/problems/range-module/
717,1-bit and 2-bit Characters,Easy,,https://leetcode.com/problems/1-bit-and-2-bit-characters/
718,Maximum Length of Repeated Subarray,Medium,,https://leetcode.com/problems/maximum-length-of-repeated-subarray/
719,Find K-th Smallest Pair Distance,Hard,,https://leetcode.com/problems/find-k-th-smallest-pair-distance/
720,Longest Word in Dictionary,Medium,,https://leetcode.com/problems/longest-word-in-dictionary/
721,Accounts Merge,Medium,,https://leetcode.com/problems/accounts-merge/
722,Remove Comments,Medium,,https://leetcode.com/problems/remove-comments/
724,Find Pivot Index,Easy,,https://leetcode.com/problems/find-pivot-index/
725,Split Linked List in Parts,Medium,,https://leetcode.com/problems/split-linked-list-in-parts/
726,Number of Atoms,Hard,,https://leetcode.com/problems/number-of-atoms/
728,Self Dividing Numbers,Easy,,https://leetcode.com/problems/self-dividing-numbers/
729,My Calendar I,Medium,,https://leetcode.com/problems/my-calendar-i/
730,Count Different Palindromic Subsequences,Hard,,https://leetcode.com/problems/count-different-palindromic-subsequences/
731,My Calendar II,Medium,,https://leetcode.com/problems/my-calendar-ii/
732,My Calendar III,Hard,,https://leetcode.com/problems/my-calendar-iii/
733,Flood Fill,Easy,,https://leetcode.com/problems/flood-fill/
735,Asteroid Collision,Medium,,https://leetcode.com/problems/asteroid-collision/
736,Parse Lisp Expression,Hard,,https://leetcode.com/problems/parse-lisp-expression/
738,Monotone Increasing Digits,Medium,,https://leetcode.com/problems/monotone-increasing-digits/
739,Daily Temperatures,Medium,,https://leetcode.com/problems/daily-temperatures/
740,Delete and Earn,Medium,,https://leetcode.com/problems/delete-and-earn/
741,Cherry Pickup,Hard,,https://leetcode.com/problems/cherry-pickup/
743,Network Delay Time,Medium,,https://leetcode.com/problems/network-delay-time/
744,Find Smallest Letter Greater Than Target,Easy,,https://leetcode.com/problems/find-smallest-letter-greater-than-target/
745,Prefix and Suffix Search,Hard,,https://leetcode.com/problems/prefix-and-suffix-search/
746,Min Cost Climbing Stairs,Easy,,https://leetcode.com/problems/min-cost-climbing-stairs/
747,Largest Number At Least Twice of Others,Easy,,https://leetcode.com/problems/largest-number-at-least-twice-of-others/
748,Shortest Completing Word,Easy,,https://leetcode.com/problems/shortest-completing-word/
749,Contain Virus,Hard,,https://leetcode.com/problems/contain-virus/
752,Open the Lock,Medium,,https://leetcode.com/problems/open-the-lock/
753,Cracking the Safe,Hard,,https://leetcode.com/problems/cracking-the-safe/
754,Reach a Number,Medium,,https://leetcode.com/problems/reach-a-number/
756,Pyramid Transition Matrix,Medium,,https://leetcode.com/problems/pyramid-transition-matrix/
757,Set Intersection Size At Least Two,Hard,,https://leetcode.com/problems/set-intersection-size-at-least-two/
761,Special Binary String,Hard,,https://leetcode.com/problems/special-binary-string/
762,Prime Number of Set Bits in Binary Representation,Easy,,https://leetcode.com/problems/prime-number-of-set-bits-in-binary-representation/
763,Partition Labels,Medium,,https://leetcode.com/problems/partition-labels/
764,Largest Plus Sign,Medium,,https://leetcode.com/problems/largest-plus-sign/
765,Couples Holding Hands,Hard,,https://leetcode.com/problems/couples-holding-hands/
766,Toeplitz Matrix,Easy,,https://leetcode.com/problems/toeplitz-matrix/
767,Reorganize String,Medium,,https://leetcode.com/problems/reorganize-string/
768,Max Chunks To Make Sorted II,Hard,,https://leetcode.com/problems/max-chunks-to-make-sorted-ii/
769,Max Chunks To Make Sorted,Medium,,https://leetcode.com/problems/max-chunks-to-make-sorted/
770,Basic Calculator IV,Hard,,https://leetcode.com/problems/basic-calculator-iv/
771,Jewels and Stones,Easy,,https://leetcode.com/problems/jewels-and-stones/
773,Sliding Puzzle,Hard,,https://leetcode.com/problems/sliding-puzzle/
775,Global and Local Inversions,Medium,,https://leetcode.com/problems/global-and-local-inversions/
777,Swap Adjacent in LR String,Medium,,https://leetcode.com/problems/swap-adjacent-in-lr-string/
778,Swim in Rising Water,Hard,,https://leetcode.com/problems/swim-in-rising-water/
779,K-th Symbol in Grammar,Medium,,https://leetcode.com/problems/k-th-symbol-in-grammar/
780,Reaching Points,Hard,,https://leetcode.com/problems/reaching-points/
781,Rabbits in Forest,Medium,,https://leetcode.com/problems/rabbits-in-forest/
782,Transform to Chessboard,Hard,,https://leetcode.com/problems/transform-to-chessboard/
783,Minimum Distance Between BST Nodes,Easy,,https://leetcode.com/problems/minimum-distance-between-bst-nodes/
784,Letter Case Permutation,Medium,,https://leetcode.com/problems/letter-case-permutation/
785,Is Graph Bipartite?,Medium,,https://leetcode.com/problems/is-graph-bipartite/
786,K-th Smallest Prime Fraction,Medium,,https://leetcode.com/problems/k-th-smallest-prime-fraction/
787,Cheapest Flights Within K Stops,Medium,,https://leetcode.com/problems/cheapest-flights-within-k-stops/
788,Rotated Digits,Medium,,https://leetcode.com/problems/rotated-digits/
789,Escape The Ghosts,Medium,,https://leetcode.com/problems/escape-the-ghosts/
790,Domino and Tromino Tiling,Medium,,https://leetcode.com/problems/domino-and-tromino-tiling/
791,Custom Sort String,Medium,,https://leetcode.com/problems/custom-sort-string/
792,Number of Matching Subsequences,Medium,,https://leetcode.com/problems/number-of-matching-subsequences/
793,Preimage Size of Factorial Zeroes Function,Hard,,https://leetcode.com/problems/preimage-size-of-factorial-zeroes-function/
794,Valid Tic-Tac-Toe State,Medium,,https://leetcode.com/problems/valid-tic-tac-toe-state/
795,Number of Subarrays with Bounded Maximum,Medium,,https://leetcode.com/problems/number-of-subarrays-with-bounded-maximum/
796,Rotate String,Easy,,https://leetcode.com/problems/rotate-string/
797,All Paths From Source to Target,Medium,,https://leetcode.com/problems/all-paths-from-source-to-target/
798,Smallest Rotation with Highest Score,Hard,,https://leetcode.com/problems/smallest-rotation-with-highest-score/
799,Champagne Tower,Medium,,https://leetcode.com/problems/champagne-tower/
801,Minimum Swaps To Make Sequences Increasing,Hard,,https://leetcode.com/problems/minimum-swaps-to-make-sequences-increasing/
802,Find Eventual Safe States,Medium,,https://leetcode.com/problems/find-eventual-safe-states/
803,Bricks Falling When Hit,Hard,,https://leetcode.com/problems/bricks-falling-when-hit/
804,Unique Morse Code Words,Easy,,https://leetcode.com/problems/unique-morse-code-words/
805,Split Array With Same Average,Hard,,https://leetcode.com/problems/split-array-with-same-average/
806,Number of Lines To Write String,Easy,,https://leetcode.com/problems/number-of-lines-to-write-string/
807,Max Increase to Keep City Skyline,Medium,,https://leetcode.com/problems/max-increase-to-keep-city-skyline/
808,Soup Servings,Medium,,https://leetcode.com/problems/soup-servings/
809,Expressive Words,Medium,,https://leetcode.com/problems/expressive-words/
810,Chalkboard XOR Game,Hard,,https://leetcode.com/problems/chalkboard-xor-game/
811,Subdomain Visit Count,Medium,,https://leetcode.com/problems/subdomain-visit-count/
812,Largest Triangle Area,Easy,,https://leetcode.com/problems/largest-triangle-area/
813,Largest Sum of Averages,Medium,,https://leetcode.com/problems/largest-sum-of-averages/
814,Binary Tree Pruning,Medium,,https://leetcode.com/problems/binary-tree-pruning/
815,Bus Routes,Hard,,https://leetcode.com/problems/bus-routes/
816,Ambiguous Coordinates,Medium,,https://leetcode.com/problems/ambiguous-coordinates/
817,Linked List Components,Medium,,https://leetcode.com/problems/linked-list-components/
818,Race Car,Hard,,https://leetcode.com/problems/race-car/
819,Most Common Word,Easy,,https://leetcode.com/problems/most-common-word/
820,Short Encoding of Words,Medium,,https://leetcode.com/problems/short-encoding-of-words/
821,Shortest Distance to a Character,Easy,,https://leetcode.com/problems/shortest-distance-to-a-character/
822,Card Flipping Game,Medium,,https://leetcode.com/problems/card-flipping-game/
823,Binary Trees With Factors,Medium,,https://leetcode.com/problems/binary-trees-with-factors/
824,Goat Latin,Easy,,https://leetcode.com/problems/goat-latin/
825,Friends Of Appropriate Ages,Medium,,https://leetcode.com/problems/friends-of-appropriate-ages/
826,Most Profit Assigning Work,Medium,,https://leetcode.com/problems/most-profit-assigning-work/
827,Making A Large Island,Hard,,https://leetcode.com/problems/making-a-large-island/
828,Count Unique Characters of All Substrings of a Given String,Hard,,https://leetcode.com/problems/count-unique-characters-of-all-substrings-of-a-given-string/
829,Consecutive Numbers Sum,Hard,,https://leetcode.com/problems/consecutive-numbers-sum/
830,Positions of Large Groups,Easy,,https://leetcode.com/problems/positions-of-large-groups/
831,Masking Personal Information,Medium,,https://leetcode.com/problems/masking-personal-information/
832,Flipping an Image,Easy,,https://leetcode.com/problems/flipping-an-image/
833,Find And Replace in String,Medium,,https://leetcode.com/problems/find-and-replace-in-string/
834,Sum of Distances in Tree,Hard,,https://leetcode.com/problems/sum-of-distances-in-tree/
835,Image Overlap,Medium,,https://leetcode.com/problems/image-overlap/
836,Rectangle Overlap,Easy,,https://leetcode.com/problems/rectangle-overlap/
837,New 21 Game,Medium,,https://leetcode.com/problems/new-21-game/
838,Push Dominoes,Medium,,https://leetcode.com/problems/push-dominoes/
839,Similar String Groups,Hard,,https://leetcode.com/problems/similar-string-groups/
840,Magic Squares In Grid,Medium,,https://leetcode.com/problems/magic-squares-in-grid/
841,Keys and Rooms,Medium,,https://leetcode.com/problems/keys-and-rooms/
842,Split Array into Fibonacci Sequence,Medium,,https://leetcode.com/problems/split-array-into-fibonacci-sequence/
843,Guess the Word,Hard,,https://leetcode.com/problems/guess-the-word/
844,Backspace String Compare,Easy,,https://leetcode.com/problems/backspace-string-compare/
845,Longest Mountain in Array,Medium,,https://leetcode.com/problems/longest-mountain-in-array/
846,Hand of Straights,Medium,,https://leetcode.com/problems/hand-of-straights/
847,Shortest Path Visiting All Nodes,Hard,,https://leetcode.com/problems/shortest-path-visiting-all-nodes/
848,Shifting Letters,Medium,,https://leetcode.com/problems/shifting-letters/
849,Maximize Distance to Closest Person,Medium,,https://leetcode.com/problems/maximize-distance-to-closest-person/
850,Rectangle Area II,Hard,,https://leetcode.com/problems/rectangle-area-ii/
851,Loud and Rich,Medium,,https://leetcode.com/problems/loud-and-rich/
852,Peak Index in a Mountain Array,Medium,,https://leetcode.com/problems/peak-index-in-a-mountain-array/
853,Car Fleet,Medium,,https://leetcode.com/problems/car-fleet/
854,K-Similar Strings,Hard,,https://leetcode.com/problems/k-similar-strings/
855,Exam Room,Medium,,https://leetcode.com/problems/exam-room/
856,Score of Parentheses,Medium,,https://leetcode.com/problems/score-of-parentheses/
857,Minimum Cost to Hire K Workers,Hard,,https://leetcode.com/problems/minimum-cost-to-hire-k-workers/
858,Mirror Reflection,Medium,,https://leetcode.com/problems/mirror-reflection/
859,Buddy Strings,Easy,,https://leetcode.com/problems/buddy-strings/
860,Lemonade Change,Easy,,https://leetcode.com/problems/lemonade-change/
861,Score After Flipping Matrix,Medium,,https://leetcode.com/problems/score-after-flipping-matrix/
862,Shortest Subarray with Sum at Least K,Hard,,https://leetcode.com/problems/shortest-subarray-with-sum-at-least-k/
863,All Nodes Distance K in Binary Tree,Medium,,https://leetcode.com/problems/all-nodes-distance-k-in-binary-tree/
864,Shortest Path to Get All Keys,Hard,,https://leetcode.com/problems/shortest-path-to-get-all-keys/
865,Smallest Subtree with all the Deepest Nodes,Medium,,https://leetcode.com/problems/smallest-subtree-with-all-the-deepest-nodes/
866,Prime Palindrome,Medium,,https://leetcode.com/problems/prime-palindrome/
867,Transpose Matrix,Easy,,https://leetcode.com/problems/transpose-matrix/
868,Binary Gap,Easy,,https://leetcode.com/problems/binary-gap/
869,Reordered Power of 2,Medium,,https://leetcode.com/problems/reordered-power-of-2/
870,Advantage Shuffle,Medium,,https://leetcode.com/problems/advantage-shuffle/
871,Minimum Number of Refueling Stops,Hard,,https://leetcode.com/problems/minimum-number-of-refueling-stops/
872,Leaf-Similar Trees,Easy,,https://leetcode.com/problems/leaf-similar-trees/
873,Length of Longest Fibonacci Subsequence,Medium,,https://leetcode.com/problems/length-of-longest-fibonacci-subsequence/
874,Walking Robot Simulation,Medium,,https://leetcode.com/problems/walking-robot-simulation/
875,Koko Eating Bananas,Medium,,https://leetcode.com/problems/koko-eating-bananas/
876,Middle of the Linked List,Easy,,https://leetcode.com/problems/middle-of-the-linked-list/
877,Stone Game,Medium,,https://leetcode.com/problems/stone-game/
878,Nth Magical Number,Hard,,https://leetcode.com/problems/nth-magical-number/
879,Profitable Schemes,Hard,,https://leetcode.com/problems/profitable-schemes/
880,Decoded String at Index,Medium,,https://leetcode.com/problems/decoded-string-at-index/
881,Boats to Save People,Medium,,https://leetcode.com/problems/boats-to-save-people/
882,Reachable Nodes In Subdivided Graph,Hard,,https://leetcode.com/problems/reachable-nodes-in-subdivided-graph/
883,Projection Area of 3D Shapes,Easy,,https://leetcode.com/problems/projection-area-of-3d-shapes/
884,Uncommon Words from Two Sentences,Easy,,https://leetcode.com/problems/uncommon-words-from-two-sentences/
885,Spiral Matrix III,Medium,,https://leetcode.com/problems/spiral-matrix-iii/
886,Possible Bipartition,Medium,,https://leetcode.com/problems/possible-bipartition/
887,Super Egg Drop,Hard,,https://leetcode.com/problems/super-egg-drop/
888,Fair Candy Swap,Easy,,https://leetcode.com/problems/fair-candy-swap/
889,Construct Binary Tree from Preorder and Postorder Traversal,Medium,,https://leetcode.com/problems/construct-binary-tree-from-preorder-and-postorder-traversal/
890,Find and Replace Pattern,Medium,,https://leetcode.com/problems/find-and-replace-pattern/
891,Sum of Subsequence Widths,Hard,,https://leetcode.com/problems/sum-of-subsequence-widths/
892,Surface Area of 3D Shapes,Easy,,https://leetcode.com/problems/surface-area-of-3d-shapes/
893,Groups of Special-Equivalent Strings,Medium,,https://leetcode.com/problems/groups-of-special-equivalent-strings/
894,All Possible Full Binary Trees,Medium,,https://leetcode.com/problems/all-possible-full-binary-trees/
895,Maximum Frequency Stack,Hard,,https://leetcode.com/problems/maximum-frequency-stack/
896,Monotonic Array,Easy,,https://leetcode.com/problems/monotonic-array/
897,Increasing Order Search Tree,Easy,,https://leetcode.com/problems/increasing-order-search-tree/
898,Bitwise ORs of Subarrays,Medium,,https://leetcode.com/problems/bitwise-ors-of-subarrays/
899,Orderly Queue,Hard,,https://leetcode.com/problems/orderly-queue/
900,RLE Iterator,Medium,,https://leetcode.com/problems/rle-iterator/
901,Online Stock Span,Medium,,https://leetcode.com/problems/online-stock-span/
902,Numbers At Most N Given Digit Set,Hard,,https://leetcode.com/problems/numbers-at-most-n-given-digit-set/
903,Valid Permutations for DI Sequence,Hard,,https://leetcode.com/problems/valid-permutations-for-di-sequence/
904,Fruit Into Baskets,Medium,,https://leetcode.com/problems/fruit-into-baskets/
905,Sort Array By Parity,Easy,,https://leetcode.com/problems/sort-array-by-parity/
906,Super Palindromes,Hard,,https://leetcode.com/problems/super-palindromes/
907,Sum of Subarray Minimums,Medium,,https://leetcode.com/problems/sum-of-subarray-minimums/
908,Smallest Range I,Easy,,https://leetcode.com/problems/smallest-range-i/
909,Snakes and Ladders,Medium,,https://leetcode.com/problems/snakes-and-ladders/
910,Smallest Range II,Medium,,https://leetcode.com/problems/smallest-range-ii/
911,Online Election,Medium,,https://leetcode.com/problems/online-election/
912,Sort an Array,Medium,,https://leetcode.com/problems/sort-an-array/
913,Cat and Mouse,Hard,,https://leetcode.com/problems/cat-and-mouse/
914,X of a Kind in a Deck of Cards,Easy,,https://leetcode.com/problems/x-of-a-kind-in-a-deck-of-cards/
915,Partition Array into Disjoint Intervals,Medium,,https://leetcode.com/problems/partition-array-into-disjoint-intervals/
916,Word Subsets,Medium,,https://leetcode.com/problems/word-subsets/
917,Reverse Only Letters,Easy,,https://leetcode.com/problems/reverse-only-letters/
918,Maximum Sum Circular Subarray,Medium,,https://leetcode.com/problems/maximum-sum-circular-subarray/
919,Complete Binary Tree Inserter,Medium,,https://leetcode.com/problems/complete-binary-tree-inserter/
920,Number of Music Playlists,Hard,,https://leetcode.com/problems/number-of-music-playlists/
921,Minimum Add to Make Parentheses Valid,Medium,,https://leetcode.com/problems/minimum-add-to-make-parentheses-valid/
922,Sort Array By Parity II,Easy,,https://leetcode.com/problems/sort-array-by-parity-ii/
923,3Sum With Multiplicity,Medium,,https://leetcode.com/problems/3sum-with-multiplicity/
924,Minimize Malware Spread,Hard,,https://leetcode.com/problems/minimize-malware-spread/
925,Long Pressed Name,Easy,,https://leetcode.com/problems/long-pressed-name/
926,Flip String to Monotone Increasing,Medium,,https://leetcode.com/problems/flip-string-to-monotone-increasing/
927,Three Equal Parts,Hard,,https://leetcode.com/problems/three-equal-parts/
928,Minimize Malware Spread II,Hard,,https://leetcode.com/problems/minimize-malware-spread-ii/
929,Unique Email Addresses,Easy,,https://leetcode.com/problems/unique-email-addresses/
930,Binary Subarrays With Sum,Medium,,https://leetcode.com/problems/binary-subarrays-with-sum/
931,Minimum Falling Path Sum,Medium,,https://leetcode.com/problems/minimum-falling-path-sum/
932,Beautiful Array,Medium,,https://leetcode.com/problems/beautiful-array/
933,Number of Recent Calls,Easy,,https://leetcode.com/problems/number-of-recent-calls/
934,Shortest Bridge,Medium,,https://leetcode.com/problems/shortest-bridge/
935,Knight Dialer,Medium,,https://leetcode.com/problems/knight-dialer/
936,Stamping The Sequence,Hard,,https://leetcode.com/problems/stamping-the-sequence/
937,Reorder Data in Log Files,Medium,,https://leetcode.com/problems/reorder-data-in-log-files/
938,Range Sum of BST,Easy,,https://leetcode.com/problems/range-sum-of-bst/
939,Minimum Area Rectangle,Medium,,https://leetcode.com/problems/minimum-area-rectangle/
940,Distinct Subsequences II,Hard,,https://leetcode.com/problems/distinct-subsequences-ii/
941,Valid Mountain Array,Easy,,https://leetcode.com/problems/valid-mountain-array/
942,DI String Match,Easy,,https://leetcode.com/problems/di-string-match/
943,Find the Shortest Superstring,Hard,,https://leetcode.com/problems/find-the-shortest-superstring/
944,Delete Columns to Make Sorted,Easy,,https://leetcode.com/problems/delete-columns-to-make-sorted/
945,Minimum Increment to Make Array Unique,Medium,,https://leetcode.com/problems/minimum-increment-to-make-array-unique/
946,Validate Stack Sequences,Medium,,https://leetcode.com/problems/validate-stack-sequences/
947,Most Stones Removed with Same Row or Column,Medium,,https://leetcode.com/problems/most-stones-removed-with-same-row-or-column/
948,Bag of Tokens,Medium,,https://leetcode.com/problems/bag-of-tokens/
949,Largest Time for Given Digits,Medium,,https://leetcode.com/problems/largest-time-for-given-digits/
950,Reveal Cards In Increasing Order,Medium,,https://leetcode.com/problems/reveal-cards-in-increasing-order/
951,Flip Equivalent Binary Trees,Medium,,https://leetcode.com/problems/flip-equivalent-binary-trees/
952,Largest Component Size by Common Factor,Hard,,https://leetcode.com/problems/largest-component-size-by-common-factor/
953,Verifying an Alien Dictionary,Easy,,https://leetcode.com/problems/verifying-an-alien-dictionary/
954,Array of Doubled Pairs,Medium,,https://leetcode.com/problems/array-of-doubled-pairs/
955,Delete Columns to Make Sorted II,Medium,,https://leetcode.com/problems/delete-columns-to-make-sorted-ii/
956,Tallest Billboard,Hard,,https://leetcode.com/problems/tallest-billboard/
957,Prison Cells After N Days,Medium,,https://leetcode.com/problems/prison-cells-after-n-days/
958,Check Completeness of a Binary Tree,Medium,,https://leetcode.com/problems/check-completeness-of-a-binary-tree/
959,Regions Cut By Slashes,Medium,,https://leetcode.com/problems/regions-cut-by-slashes/
960,Delete Columns to Make Sorted III,Hard,,https://leetcode.com/problems/delete-columns-to-make-sorted-iii/
961,N-Repeated Element in Size 2N Array,Easy,,https://leetcode.com/problems/n-repeated-element-in-size-2n-array/
962,Maximum Width Ramp,Medium,,https://leetcode.com/problems/maximum-width-ramp/
963,Minimum Area Rectangle II,Medium,,https://leetcode.com/problems/minimum-area-rectangle-ii/
964,Least Operators to Express Number,Hard,,https://leetcode.com/problems/least-operators-to-express-number/
965,Univalued Binary Tree,Easy,,https://leetcode.com/problems/univalued-binary-tree/
966,Vowel Spellchecker,Medium,,https://leetcode.com/problems/vowel-spellchecker/
967,Numbers With Same Consecutive Differences,Medium,,https://leetcode.com/problems/numbers-with-same-consecutive-differences/
968,Binary Tree Cameras,Hard,,https://leetcode.com/problems/binary-tree-cameras/
969,Pancake Sorting,Medium,,https://leetcode.com/problems/pancake-sorting/
970,Powerful Integers,Medium,,https://leetcode.com/problems/powerful-integers/
971,Flip Binary Tree To Match Preorder Traversal,Medium,,https://leetcode.com/problems/flip-binary-tree-to-match-preorder-traversal/
972,Equal Rational Numbers,Hard,,https://leetcode.com/problems/equal-rational-numbers/
973,K Closest Points to Origin,Medium,,https://leetcode.com/problems/k-closest-points-to-origin/
974,Subarray Sums Divisible by K,Medium,,https://leetcode.com/problems/subarray-sums-divisible-by-k/
975,Odd Even Jump,Hard,,https://leetcode.com/problems/odd-even-jump/
976,Largest Perimeter Triangle,Easy,,https://leetcode.com/problems/largest-perimeter-triangle/
977,Squares of a Sorted Array,Easy,,https://leetcode.com/problems/squares-of-a-sorted-array/
978,Longest Turbulent Subarray,Medium,,https://leetcode.com/problems/longest-turbulent-subarray/
979,Distribute Coins in Binary Tree,Medium,,https://leetcode.com/problems/distribute-coins-in-binary-tree/
980,Unique Paths III,Hard,,https://leetcode.com/problems/unique-paths-iii/
981,Time Based Key-Value Store,Medium,,https://leetcode.com/problems/time-based-key-value-store/
982,Triples with Bitwise AND Equal To Zero,Hard,,https://leetcode.com/problems/triples-with-bitwise-and-equal-to-zero/
983,Minimum Cost For Tickets,Medium,,https://leetcode.com/problems/minimum-cost-for-tickets/
984,String Without AAA or BBB,Medium,,https://leetcode.com/problems/string-without-aaa-or-bbb/
985,Sum of Even Numbers After Queries,Medium,,https://leetcode.com/problems/sum-of-even-numbers-after-queries/
986,Interval List Intersections,Medium,,https://leetcode.com/problems/interval-list-intersections/
987,Vertical Order Traversal of a Binary Tree,Hard,,https://leetcode.com/problems/vertical-order-traversal-of-a-binary-tree/
988,Smallest String Starting From Leaf,Medium,,https://leetcode.com/problems/smallest-string-starting-from-leaf/
989,Add to Array-Form of Integer,Easy,,https://leetcode.com/problems/add-to-array-form-of-integer/
990,Satisfiability of Equality Equations,Medium,,https://leetcode.com/problems/satisfiability-of-equality-equations/
991,Broken Calculator,Medium,,https://leetcode.com/problems/broken-calculator/
992,Subarrays with K Different Integers,Hard,,https://leetcode.com/problems/subarrays-with-k-different-integers/
993,Cousins in Binary Tree,Easy,,https://leetcode.com/problems/cousins-in-binary-tree/
994,Rotting Oranges,Medium,,https://leetcode.com/problems/rotting-oranges/
995,Minimum Number of K Consecutive Bit Flips,Hard,,https://leetcode.com/problems/minimum-number-of-k-consecutive-bit-flips/
996,Number of Squareful Arrays,Hard,,https://leetcode.com/problems/number-of-squareful-arrays/
997,Find the Town Judge,Easy,,https://leetcode.com/problems/find-the-town-judge/
998,Maximum Binary Tree II,Medium,,https://leetcode.com/problems/maximum-binary-tree-ii/
999,Available Captures for Rook,Easy,,https://leetcode.com/problems/available-captures-for-rook/
1000,Minimum Cost to Merge Stones,Hard,,https://leetcode.com/problems/minimum-cost-to-merge-stones/
1001,Grid Illumination,Hard,,https://leetcode.com/problems/grid-illumination/
1002,Find Common Characters,Easy,,https://leetcode.com/problems/find-common-characters/
1003,Check If Word Is Valid After Substitutions,Medium,,https://leetcode.com/problems/check-if-word-is-valid-after-substitutions/
1004,Max Consecutive Ones III,Medium,,https://leetcode.com/problems/max-consecutive-ones-iii/
1005,Maximize Sum Of Array After K Negations,Easy,,https://leetcode.com/problems/maximize-sum-of-array-after-k-negations/
1006,Clumsy Factorial,Medium,,https://leetcode.com/problems/clumsy-factorial/
1007,Minimum Domino Rotations For Equal Row,Medium,,https://leetcode.com/problems/minimum-domino-rotations-for-equal-row/
1008,Construct Binary Search Tree from Preorder Traversal,Medium,,https://leetcode.com/problems/construct-binary-search-tree-from-preorder-traversal/
1009,Complement of Base 10 Integer,Easy,,https://leetcode.com/problems/complement-of-base-10-integer/
1010,Pairs of Songs With Total Durations Divisible by 60,Medium,,https://leetcode.com/problems/pairs-of-songs-with-total-durations-divisible-by-60/
1011,Capacity To Ship Packages Within D Days,Medium,,https://leetcode.com/problems/capacity-to-ship-packages-within-d-days/
1012,Numbers With Repeated Digits,Hard,,https://leetcode.com/problems/numbers-with-repeated-digits/
1013,Partition Array Into Three Parts With Equal Sum,Easy,,https://leetcode.com/problems/partition-array-into-three-parts-with-equal-sum/
1014,Best Sightseeing Pair,Medium,,https://leetcode.com/problems/best-sightseeing-pair/
1015,Smallest Integer Divisible by K,Medium,,https://leetcode.com/problems/smallest-integer-divisible-by-k/
1016,Binary String With Substrings Representing 1 To N,Medium,,https://leetcode.com/problems/binary-string-with-substrings-representing-1-to-n/
1017,Convert to Base -2,Medium,,https://leetcode.com/problems/convert-to-base-2/
1018,Binary Prefix Divisible By 5,Easy,,https://leetcode.com/problems/binary-prefix-divisible-by-5/
1019,Next Greater Node In Linked List,Medium,,https://leetcode.com/problems/next-greater-node-in-linked-list/
1020,Number of Enclaves,Medium,,https://leetcode.com/problems/number-of-enclaves/
1021,Remove Outermost Parentheses,Easy,,https://leetcode.com/problems/remove-outermost-parentheses/
1022,Sum of Root To Leaf Binary Numbers,Easy,,https://leetcode.com/problems/sum-of-root-to-leaf-binary-numbers/
1023,Camelcase Matching,Medium,,https://leetcode.com/problems/camelcase-matching/
1024,Video Stitching,Medium,,https://leetcode.com/problems/video-stitching/
1025,Divisor Game,Easy,,https://leetcode.com/problems/divisor-game/
1026,Maximum Difference Between Node and Ancestor,Medium,,https://leetcode.com/problems/maximum-difference-between-node-and-ancestor/
1027,Longest Arithmetic Subsequence,Medium,,https://leetcode.com/problems/longest-arithmetic-subsequence/
1028,Recover a Tree From Preorder Traversal,Hard,,https://leetcode.com/problems/recover-a-tree-from-preorder-traversal/
1029,Two City Scheduling,Medium,,https://leetcode.com/problems/two-city-scheduling/
1030,Matrix Cells in Distance Order,Easy,,https://leetcode.com/problems/matrix-cells-in-distance-order/
1031,Maximum Sum of Two Non-Overlapping Subarrays,Medium,,https://leetcode.com/problems/maximum-sum-of-two-non-overlapping-subarrays/
1032,Stream of Characters,Hard,,https://leetcode.com/problems/stream-of-characters/
1033,Moving Stones Until Consecutive,Medium,,https://leetcode.com/problems/moving-stones-until-consecutive/
1034,Coloring A Border,Medium,,https://leetcode.com/problems/coloring-a-border/
1035,Uncrossed Lines,Medium,,https://leetcode.com/problems/uncrossed-lines/
1036,Escape a Large Maze,Hard,,https://leetcode.com/problems/escape-a-large-maze/
1037,Valid Boomerang,Easy,,https://leetcode.com/problems/valid-boomerang/
1038,Binary Search Tree to Greater Sum Tree,Medium,,https://leetcode.com/problems/binary-search-tree-to-greater-sum-tree/
1039,Minimum Score Triangulation of Polygon,Medium,,https://leetcode.com/problems/minimum-score-triangulation-of-polygon/
1040,Moving Stones Until Consecutive II,Medium,,https://leetcode.com/problems/moving-stones-until-consecutive-ii/
1041,Robot Bounded In Circle,Medium,,https://leetcode.com/problems/robot-bounded-in-circle/
1042,Flower Planting With No Adjacent,Medium,,https://leetcode.com/problems/flower-planting-with-no-adjacent/
1043,Partition Array for Maximum Sum,Medium,,https://leetcode.com/problems/partition-array-for-maximum-sum/
1044,Longest Duplicate Substring,Hard,,https://leetcode.com/problems/longest-duplicate-substring/
1045,Customers Who Bought All Products,Medium,,https://leetcode.com/problems/customers-who-bought-all-products/
1046,Last Stone Weight,Easy,,https://leetcode.com/problems/last-stone-weight/
1047,Remove All Adjacent Duplicates In String,Easy,,https://leetcode.com/problems/remove-all-adjacent-duplicates-in-string/
1048,Longest String Chain,Medium,,https://leetcode.com/problems/longest-string-chain/
1049,Last Stone Weight II,Medium,,https://leetcode.com/problems/last-stone-weight-ii/
1050,Actors and Directors Who Cooperated At Least Three Times,Easy,,https://leetcode.com/problems/actors-and-directors-who-cooperated-at-least-three-times/
1051,Height Checker,Easy,,https://leetcode.com/problems/height-checker/
1052,Grumpy Bookstore Owner,Medium,,https://leetcode.com/problems/grumpy-bookstore-owner/
1053,Previous Permutation With One Swap,Medium,,https://leetcode.com/problems/previous-permutation-with-one-swap/
1054,Distant Barcodes,Medium,,https://leetcode.com/problems/distant-barcodes/
1061,Lexicographically Smallest Equivalent String,Medium,,https://leetcode.com/problems/lexicographically-smallest-equivalent-string/
1068,Product Sales Analysis I,Easy,,https://leetcode.com/problems/product-sales-analysis-i/
1070,Product Sales Analysis III,Medium,,https://leetcode.com/problems/product-sales-analysis-iii/
1071,Greatest Common Divisor of Strings,Easy,,https://leetcode.com/problems/greatest-common-divisor-of-strings/
1072,Flip Columns For Maximum Number of Equal Rows,Medium,,https://leetcode.com/problems/flip-columns-for-maximum-number-of-equal-rows/
1073,Adding Two Negabinary Numbers,Medium,,https://leetcode.com/problems/adding-two-negabinary-numbers/
1074,Number of Submatrices That Sum to Target,Hard,,https://leetcode.com/problems/number-of-submatrices-that-sum-to-target/
1075,Project Employees I,Easy,,https://leetcode.com/problems/project-employees-i/
1078,Occurrences After Bigram,Easy,,https://leetcode.com/problems/occurrences-after-bigram/
1079,Letter Tile Possibilities,Medium,,https://leetcode.com/problems/letter-tile-possibilities/
1080,Insufficient Nodes in Root to Leaf Paths,Medium,,https://leetcode.com/problems/insufficient-nodes-in-root-to-leaf-paths/
1081,Smallest Subsequence of Distinct Characters,Medium,,https://leetcode.com/problems/smallest-subsequence-of-distinct-characters/
1084,Sales Analysis III,Easy,,https://leetcode.com/problems/sales-analysis-iii/
1089,Duplicate Zeros,Easy,,https://leetcode.com/problems/duplicate-zeros/
1090,Largest Values From Labels,Medium,,https://leetcode.com/problems/largest-values-from-labels/
1091,Shortest Path in Binary Matrix,Medium,,https://leetcode.com/problems/shortest-path-in-binary-matrix/
1092,Shortest Common Supersequence,Hard,,https://leetcode.com/problems/shortest-common-supersequence/
1093,Statistics from a Large Sample,Medium,,https://leetcode.com/problems/statistics-from-a-large-sample/
1094,Car Pooling,Medium,,https://leetcode.com/problems/car-pooling/
1095,Find in Mountain Array,Hard,,https://leetcode.com/problems/find-in-mountain-array/
1096,Brace Expansion II,Hard,,https://leetcode.com/problems/brace-expansion-ii/
1103,Distribute Candies to People,Easy,,https://leetcode.com/problems/distribute-candies-to-people/
1104,Path In Zigzag Labelled Binary Tree,Medium,,https://leetcode.com/problems/path-in-zigzag-labelled-binary-tree/
1105,Filling Bookcase Shelves,Medium,,https://leetcode.com/problems/filling-bookcase-shelves/
1106,Parsing A Boolean Expression,Hard,,https://leetcode.com/problems/parsing-a-boolean-expression/
1108,Defanging an IP Address,Easy,,https://leetcode.com/problems/defanging-an-ip-address/
1109,Corporate Flight Bookings,Medium,,https://leetcode.com/problems/corporate-flight-bookings/
1110,Delete Nodes And Return Forest,Medium,,https://leetcode.com/problems/delete-nodes-and-return-forest/
1111,Maximum Nesting Depth of Two Valid Parentheses Strings,Medium,,https://leetcode.com/problems/maximum-nesting-depth-of-two-valid-parentheses-strings/
1114,Print in Order,Easy,,https://leetcode.com/problems/print-in-order/
1115,Print FooBar Alternately,Medium,,https://leetcode.com/problems/print-foobar-alternately/
1116,Print Zero Even Odd,Medium,,https://leetcode.com/problems/print-zero-even-odd/
1117,Building H2O,Medium,,https://leetcode.com/problems/building-h2o/
1122,Relative Sort Array,Easy,,https://leetcode.com/problems/relative-sort-array/
1123,Lowest Common Ancestor of Deepest Leaves,Medium,,https://leetcode.com/problems/lowest-common-ancestor-of-deepest-leaves/
1124,Longest Well-Performing Interval,Medium,,https://leetcode.com/problems/longest-well-performing-interval/
1125,Smallest Sufficient Team,Hard,,https://leetcode.com/problems/smallest-sufficient-team/
1128,Number of Equivalent Domino Pairs,Easy,,https://leetcode.com/problems/number-of-equivalent-domino-pairs/
1129,Shortest Path with Alternating Colors,Medium,,https://leetcode.com/problems/shortest-path-with-alternating-colors/
1130,Minimum Cost Tree From Leaf Values,Medium,,https://leetcode.com/problems/minimum-cost-tree-from-leaf-values/
1131,Maximum of Absolute Value Expression,Medium,,https://leetcode.com/problems/maximum-of-absolute-value-expression/
1137,N-th Tribonacci Number,Easy,,https://leetcode.com/problems/n-th-tribonacci-number/
1138,Alphabet Board Path,Medium,,https://leetcode.com/problems/alphabet-board-path/
1139,Largest 1-Bordered Square,Medium,,https://leetcode.com/problems/largest-1-bordered-square/
1140,Stone Game II,Medium,,https://leetcode.com/problems/stone-game-ii/
1141,User Activity for the Past 30 Days I,Easy,,https://leetcode.com/problems/user-activity-for-the-past-30-days-i/
1143,Longest Common Subsequence,Medium,,https://leetcode.com/problems/longest-common-subsequence/
1144,Decrease Elements To Make Array Zigzag,Medium,,https://leetcode.com/problems/decrease-elements-to-make-array-zigzag/
1145,Binary Tree Coloring Game,Medium,,https://leetcode.com/problems/binary-tree-coloring-game/
1146,Snapshot Array,Medium,,https://leetcode.com/problems/snapshot-array/
1147,Longest Chunked Palindrome Decomposition,Hard,,https://leetcode.com/problems/longest-chunked-palindrome-decomposition/
1148,Article Views I,Easy,,https://leetcode.com/problems/article-views-i/
1154,Day of the Year,Easy,,https://leetcode.com/problems/day-of-the-year/
1155,Number of Dice Rolls With Target Sum,Medium,,https://leetcode.com/problems/number-of-dice-rolls-with-target-sum/
1156,Swap For Longest Repeated Character Substring,Medium,,https://leetcode.com/problems/swap-for-longest-repeated-character-substring/
1157,Online Majority Element In Subarray,Hard,,https://leetcode.com/problems/online-majority-element-in-subarray/
1158,Market Analysis I,Medium,,https://leetcode.com/problems/market-analysis-i/
1160,Find Words That Can Be Formed by Characters,Easy,,https://leetcode.com/problems/find-words-that-can-be-formed-by-characters/
1161,Maximum Level Sum of a Binary Tree,Medium,,https://leetcode.com/problems/maximum-level-sum-of-a-binary-tree/
1162,As Far from Land as Possible,Medium,,https://leetcode.com/problems/as-far-from-land-as-possible/
1163,Last Substring in Lexicographical Order,Hard,,https://leetcode.com/problems/last-substring-in-lexicographical-order/
1164,Product Price at a Given Date,Medium,,https://leetcode.com/problems/product-price-at-a-given-date/
1169,Invalid Transactions,Medium,,https://leetcode.com/problems/invalid-transactions/
1170,Compare Strings by Frequency of the Smallest Character,Medium,,https://leetcode.com/problems/compare-strings-by-frequency-of-the-smallest-character/
1171,Remove Zero Sum Consecutive Nodes from Linked List,Medium,,https://leetcode.com/problems/remove-zero-sum-consecutive-nodes-from-linked-list/
1172,Dinner Plate Stacks,Hard,,https://leetcode.com/problems/dinner-plate-stacks/
1174,Immediate Food Delivery II,Medium,,https://leetcode.com/problems/immediate-food-delivery-ii/
1175,Prime Arrangements,Easy,,https://leetcode.com/problems/prime-arrangements/
1177,Can Make Palindrome from Substring,Medium,,https://leetcode.com/problems/can-make-palindrome-from-substring/
1178,Number of Valid Words for Each Puzzle,Hard,,https://leetcode.com/problems/number-of-valid-words-for-each-puzzle/
1179,Reformat Department Table,Easy,,https://leetcode.com/problems/reformat-department-table/
1184,Distance Between Bus Stops,Easy,,https://leetcode.com/problems/distance-between-bus-stops/
1185,Day of the Week,Easy,,https://leetcode.com/problems/day-of-the-week/
1186,Maximum Subarray Sum with One Deletion,Medium,,https://leetcode.com/problems/maximum-subarray-sum-with-one-deletion/
1187,Make Array Strictly Increasing,Hard,,https://leetcode.com/problems/make-array-strictly-increasing/
1189,Maximum Number of Balloons,Easy,,https://leetcode.com/problems/maximum-number-of-balloons/
1190,Reverse Substrings Between Each Pair of Parentheses,Medium,,https://leetcode.com/problems/reverse-substrings-between-each-pair-of-parentheses/
1191,K-Concatenation Maximum Sum,Medium,,https://leetcode.com/problems/k-concatenation-maximum-sum/
1192,Critical Connections in a Network,Hard,,https://leetcode.com/problems/critical-connections-in-a-network/
1193,Monthly Transactions I,Medium,,https://leetcode.com/problems/monthly-transactions-i/
1195,Fizz Buzz Multithreaded,Medium,,https://leetcode.com/problems/fizz-buzz-multithreaded/
1200,Minimum Absolute Difference,Easy,,https://leetcode.com/problems/minimum-absolute-difference/
1201,Ugly Number III,Medium,,https://leetcode.com/problems/ugly-number-iii/
1202,Smallest String With Swaps,Medium,,https://leetcode.com/problems/smallest-string-with-swaps/
1203,Sort Items by Groups Respecting Dependencies,Hard,,https://leetcode.com/problems/sort-items-by-groups-respecting-dependencies/
1204,Last Person to Fit in the Bus,Medium,,https://leetcode.com/problems/last-person-to-fit-in-the-bus/
1206,Design Skiplist,Hard,,https://leetcode.com/problems/design-skiplist/
1207,Unique Number of Occurrences,Easy,,https://leetcode.com/problems/unique-number-of-occurrences/
1208,Get Equal Substrings Within Budget,Medium,,https://leetcode.com/problems/get-equal-substrings-within-budget/
1209,Remove All Adjacent Duplicates in String II,Medium,,https://leetcode.com/problems/remove-all-adjacent-duplicates-in-string-ii/
1210,Minimum Moves to Reach Target with Rotations,Hard,,https://leetcode.com/problems/minimum-moves-to-reach-target-with-rotations/
1211,Queries Quality and Percentage,Easy,,https://leetcode.com/problems/queries-quality-and-percentage/
1217,Minimum Cost to Move Chips to The Same Position,Easy,,https://leetcode.com/problems/minimum-cost-to-move-chips-to-the-same-position/
1218,Longest Arithmetic Subsequence of Given Difference,Medium,,https://leetcode.com/problems/longest-arithmetic-subsequence-of-given-difference/
1219,Path with Maximum Gold,Medium,,https://leetcode.com/problems/path-with-maximum-gold/
1220,Count Vowels Permutation,Hard,,https://leetcode.com/problems/count-vowels-permutation/
1221,Split a String in Balanced Strings,Easy,,https://leetcode.com/problems/split-a-string-in-balanced-strings/
1222,Queens That Can Attack the King,Medium,,https://leetcode.com/problems/queens-that-can-attack-the-king/
1223,Dice Roll Simulation,Hard,,https://leetcode.com/problems/dice-roll-simulation/
1224,Maximum Equal Frequency,Hard,,https://leetcode.com/problems/maximum-equal-frequency/
1226,The Dining Philosophers,Medium,,https://leetcode.com/problems/the-dining-philosophers/
1227,Airplane Seat Assignment Probability,Medium,,https://leetcode.com/problems/airplane-seat-assignment-probability/
1232,Check If It Is a Straight Line,Easy,,https://leetcode.com/problems/check-if-it-is-a-straight-line/
1233,Remove Sub-Folders from the Filesystem,Medium,,https://leetcode.com/problems/remove-sub-folders-from-the-filesystem/
1234,Replace the Substring for Balanced String,Medium,,https://leetcode.com/problems/replace-the-substring-for-balanced-string/
1235,Maximum Profit in Job Scheduling,Hard,,https://leetcode.com/problems/maximum-profit-in-job-scheduling/
1237,Find Positive Integer Solution for a Given Equation,Medium,,https://leetcode.com/problems/find-positive-integer-solution-for-a-given-equation/
1238,Circular Permutation in Binary Representation,Medium,,https://leetcode.com/problems/circular-permutation-in-binary-representation/
1239,Maximum Length of a Concatenated String with Unique Characters,Medium,,https://leetcode.com/problems/maximum-length-of-a-concatenated-string-with-unique-characters/
1240,Tiling a Rectangle with the Fewest Squares,Hard,,https://leetcode.com/problems/tiling-a-rectangle-with-the-fewest-squares/
1247,Minimum Swaps to Make Strings Equal,Medium,,https://leetcode.com/problems/minimum-swaps-to-make-strings-equal/
1248,Count Number of Nice Subarrays,Medium,,https://leetcode.com/problems/count-number-of-nice-subarrays/
1249,Minimum Remove to Make Valid Parentheses,Medium,,https://leetcode.com/problems/minimum-remove-to-make-valid-parentheses/
1250,Check If It Is a Good Array,Hard,,https://leetcode.com/problems/check-if-it-is-a-good-array/
1251,Average Selling Price,Easy,,https://leetcode.com/problems/average-selling-price/
1252,Cells with Odd Values in a Matrix,Easy,,https://leetcode.com/problems/cells-with-odd-values-in-a-matrix/
1253,Reconstruct a 2-Row Binary Matrix,Medium,,https://leetcode.com/problems/reconstruct-a-2-row-binary-matrix/
1254,Number of Closed Islands,Medium,,https://leetcode.com/problems/number-of-closed-islands/
1255,Maximum Score Words Formed by Letters,Hard,,https://leetcode.com/problems/maximum-score-words-formed-by-letters/
1260,Shift 2D Grid,Easy,,https://leetcode.com/problems/shift-2d-grid/
1261,Find Elements in a Contaminated Binary Tree,Medium,,https://leetcode.com/problems/find-elements-in-a-contaminated-binary-tree/
1262,Greatest Sum Divisible by Three,Medium,,https://leetcode.com/problems/greatest-sum-divisible-by-three/
1263,Minimum Moves to Move a Box to Their Target Location,Hard,,https://leetcode.com/problems/minimum-moves-to-move-a-box-to-their-target-location/
1266,Minimum Time Visiting All Points,Easy,,https://leetcode.com/problems/minimum-time-visiting-all-points/
1267,Count Servers that Communicate,Medium,,https://leetcode.com/problems/count-servers-that-communicate/
1268,Search Suggestions System,Medium,,https://leetcode.com/problems/search-suggestions-system/
1269,Number of Ways to Stay in the Same Place After Some Steps,Hard,,https://leetcode.com/problems/number-of-ways-to-stay-in-the-same-place-after-some-steps/
1275,Find Winner on a Tic Tac Toe Game,Easy,,https://leetcode.com/problems/find-winner-on-a-tic-tac-toe-game/
1276,Number of Burgers with No Waste of Ingredients,Medium,,https://leetcode.com/problems/number-of-burgers-with-no-waste-of-ingredients/
1277,Count Square Submatrices with All Ones,Medium,,https://leetcode.com/problems/count-square-submatrices-with-all-ones/
1278,Palindrome Partitioning III,Hard,,https://leetcode.com/problems/palindrome-partitioning-iii/
1280,Students and Examinations,Easy,,https://leetcode.com/problems/students-and-examinations/
1281,Subtract the Product and Sum of Digits of an Integer,Easy,,https://leetcode.com/problems/subtract-the-product-and-sum-of-digits-of-an-integer/
1282,Group the People Given the Group Size They Belong To,Medium,,https://leetcode.com/problems/group-the-people-given-the-group-size-they-belong-to/
1283,Find the Smallest Divisor Given a Threshold,Medium,,https://leetcode.com/problems/find-the-smallest-divisor-given-a-threshold/
1284,Minimum Number of Flips to Convert Binary Matrix to Zero Matrix,Hard,,https://leetcode.com/problems/minimum-number-of-flips-to-convert-binary-matrix-to-zero-matrix/
1286,Iterator for Combination,Medium,,https://leetcode.com/problems/iterator-for-combination/
1287,Element Appearing More Than 25% In Sorted Array,Easy,,https://leetcode.com/problems/element-appearing-more-than-25-in-sorted-array/
1288,Remove Covered Intervals,Medium,,https://leetcode.com/problems/remove-covered-intervals/
1289,Minimum Falling Path Sum II,Hard,,https://leetcode.com/problems/minimum-falling-path-sum-ii/
1290,Convert Binary Number in a Linked List to Integer,Easy,,https://leetcode.com/problems/convert-binary-number-in-a-linked-list-to-integer/
1291,Sequential Digits,Medium,,https://leetcode.com/problems/sequential-digits/
1292,Maximum Side Length of a Square with Sum Less than or Equal to Threshold,Medium,,https://leetcode.com/problems/maximum-side-length-of-a-square-with-sum-less-than-or-equal-to-threshold/
1293,Shortest Path in a Grid with Obstacles Elimination,Hard,,https://leetcode.com/problems/shortest-path-in-a-grid-with-obstacles-elimination/
1295,Find Numbers with Even Number of Digits,Easy,,https://leetcode.com/problems/find-numbers-with-even-number-of-digits/
1296,Divide Array in Sets of K Consecutive Numbers,Medium,,https://leetcode.com/problems/divide-array-in-sets-of-k-consecutive-numbers/
1297,Maximum Number of Occurrences of a Substring,Medium,,https://leetcode.com/problems/maximum-number-of-occurrences-of-a-substring/
1298,Maximum Candies You Can Get from Boxes,Hard,,https://leetcode.com/problems/maximum-candies-you-can-get-from-boxes/
1299,Replace Elements with Greatest Element on Right Side,Easy,,https://leetcode.com/problems/replace-elements-with-greatest-element-on-right-side/
1300,Sum of Mutated Array Closest to Target,Medium,,https://leetcode.com/problems/sum-of-mutated-array-closest-to-target/
1301,Number of Paths with Max Score,Hard,,https://leetcode.com/problems/number-of-paths-with-max-score/
1302,Deepest Leaves Sum,Medium,,https://leetcode.com/problems/deepest-leaves-sum/
1304,Find N Unique Integers Sum up to Zero,Easy,,https://leetcode.com/problems/find-n-unique-integers-sum-up-to-zero/
1305,All Elements in Two Binary Search Trees,Medium,,https://leetcode.com/problems/all-elements-in-two-binary-search-trees/
1306,Jump Game III,Medium,,https://leetcode.com/problems/jump-game-iii/
1307,Verbal Arithmetic Puzzle,Hard,,https://leetcode.com/problems/verbal-arithmetic-puzzle/
1309,Decrypt String from Alphabet to Integer Mapping,Easy,,https://leetcode.com/problems/decrypt-string-from-alphabet-to-integer-mapping/
1310,XOR Queries of a Subarray,Medium,,https://leetcode.com/problems/xor-queries-of-a-subarray/
1311,Get Watched Videos by Your Friends,Medium,,https://leetcode.com/problems/get-watched-videos-by-your-friends/
1312,Minimum Insertion Steps to Make a String Palindrome,Hard,,https://leetcode.com/problems/minimum-insertion-steps-to-make-a-string-palindrome/
1313,Decompress Run-Length Encoded List,Easy,,https://leetcode.com/problems/decompress-run-length-encoded-list/
1314,Matrix Block Sum,Medium,,https://leetcode.com/problems/matrix-block-sum/
1315,Sum of Nodes with Even-Valued Grandparent,Medium,,https://leetcode.com/problems/sum-of-nodes-with-even-valued-grandparent/
1316,Distinct Echo Substrings,Hard,,https://leetcode.com/problems/distinct-echo-substrings/
1317,Convert Integer to the Sum of Two No-Zero Integers,Easy,,https://leetcode.com/problems/convert-integer-to-the-sum-of-two-no-zero-integers/
1318,Minimum Flips to Make a OR b Equal to c,Medium,,https://leetcode.com/problems/minimum-flips-to-make-a-or-b-equal-to-c/
1319,Number of Operations to Make Network Connected,Medium,,https://leetcode.com/problems/number-of-operations-to-make-network-connected/
1320,Minimum Distance to Type a Word Using Two Fingers,Hard,,https://leetcode.com/problems/minimum-distance-to-type-a-word-using-two-fingers/
1321,Restaurant Growth,Medium,,https://leetcode.com/problems/restaurant-growth/
1323,Maximum 69 Number,Easy,,https://leetcode.com/problems/maximum-69-number/
1324,Print Words Vertically,Medium,,https://leetcode.com/problems/print-words-vertically/
1325,Delete Leaves With a Given Value,Medium,,https://leetcode.com/problems/delete-leaves-with-a-given-value/
1326,Minimum Number of Taps to Open to Water a Garden,Hard,,https://leetcode.com/problems/minimum-number-of-taps-to-open-to-water-a-garden/
1327,List the Products Ordered in a Period,Easy,,https://leetcode.com/problems/list-the-products-ordered-in-a-period/
1328,Break a Palindrome,Medium,,https://leetcode.com/problems/break-a-palindrome/
1329,Sort the Matrix Diagonally,Medium,,https://leetcode.com/problems/sort-the-matrix-diagonally/
1330,Reverse Subarray To Maximize Array Value,Hard,,https://leetcode.com/problems/reverse-subarray-to-maximize-array-value/
1331,Rank Transform of an Array,Easy,,https://leetcode.com/problems/rank-transform-of-an-array/
1332,Remove Palindromic Subsequences,Easy,,https://leetcode.com/problems/remove-palindromic-subsequences/
1333,"Filter Restaurants by Vegan-Friendly, Price and Distance",Medium,,https://leetcode.com/problems/filter-restaurants-by-vegan-friendly-price-and-distance/
1334,Find the City With the Smallest Number of Neighbors at a Threshold Distance,Medium,,https://leetcode.com/problems/find-the-city-with-the-smallest-number-of-neighbors-at-a-threshold-distance/
1335,Minimum Difficulty of a Job Schedule,Hard,,https://leetcode.com/problems/minimum-difficulty-of-a-job-schedule/
1337,The K Weakest Rows in a Matrix,Easy,,https://leetcode.com/problems/the-k-weakest-rows-in-a-matrix/
1338,Reduce Array Size to The Half,Medium,,https://leetcode.com/problems/reduce-array-size-to-the-half/
1339,Maximum Product of Splitted Binary Tree,Medium,,https://leetcode.com/problems/maximum-product-of-splitted-binary-tree/
1340,Jump Game V,Hard,,https://leetcode.com/problems/jump-game-v/
1341,Movie Rating,Medium,,https://leetcode.com/problems/movie-rating/
1342,Number of Steps to Reduce a Number to Zero,Easy,,https://leetcode.com/problems/number-of-steps-to-reduce-a-number-to-zero/
1343,Number of Sub-arrays of Size K and Average Greater than or Equal to Threshold,Medium,,https://leetcode.com/problems/number-of-sub-arrays-of-size-k-and-average-greater-than-or-equal-to-threshold/
1344,Angle Between Hands of a Clock,Medium,,https://leetcode.com/problems/angle-between-hands-of-a-clock/
1345,Jump Game IV,Hard,,https://leetcode.com/problems/jump-game-iv/
1346,Check If N and Its Double Exist,Easy,,https://leetcode.com/problems/check-if-n-and-its-double-exist/
1347,Minimum Number of Steps to Make Two Strings Anagram,Medium,,https://leetcode.com/problems/minimum-number-of-steps-to-make-two-strings-anagram/
1348,Tweet Counts Per Frequency,Medium,,https://leetcode.com/problems/tweet-counts-per-frequency/
1349,Maximum Students Taking Exam,Hard,,https://leetcode.com/problems/maximum-students-taking-exam/
1351,Count Negative Numbers in a Sorted Matrix,Easy,,https://leetcode.com/problems/count-negative-numbers-in-a-sorted-matrix/
1352,Product of the Last K Numbers,Medium,,https://leetcode.com/problems/product-of-the-last-k-numbers/
1353,Maximum Number of Events That Can Be Attended,Medium,,https://leetcode.com/problems/maximum-number-of-events-that-can-be-attended/
1354,Construct Target Array With Multiple Sums,Hard,,https://leetcode.com/problems/construct-target-array-with-multiple-sums/
1356,Sort Integers by The Number of 1 Bits,Easy,,https://leetcode.com/problems/sort-integers-by-the-number-of-1-bits/
1357,Apply Discount Every n Orders,Medium,,https://leetcode.com/problems/apply-discount-every-n-orders/
1358,Number of Substrings Containing All Three Characters,Medium,,https://leetcode.com/problems/number-of-substrings-containing-all-three-characters/
1359,Count All Valid Pickup and Delivery Options,Hard,,https://leetcode.com/problems/count-all-valid-pickup-and-delivery-options/
1360,Number of Days Between Two Dates,Easy,,https://leetcode.com/problems/number-of-days-between-two-dates/
1361,Validate Binary Tree Nodes,Medium,,https://leetcode.com/problems/validate-binary-tree-nodes/
1362,Closest Divisors,Medium,,https://leetcode.com/problems/closest-divisors/
1363,Largest Multiple of Three,Hard,,https://leetcode.com/problems/largest-multiple-of-three/
1365,How Many Numbers Are Smaller Than the Current Number,Easy,,https://leetcode.com/problems/how-many-numbers-are-smaller-than-the-current-number/
1366,Rank Teams by Votes,Medium,,https://leetcode.com/problems/rank-teams-by-votes/
1367,Linked List in Binary Tree,Medium,,https://leetcode.com/problems/linked-list-in-binary-tree/
1368,Minimum Cost to Make at Least One Valid Path in a Grid,Hard,,https://leetcode.com/problems/minimum-cost-to-make-at-least-one-valid-path-in-a-grid/
1370,Increasing Decreasing String,Easy,,https://leetcode.com/problems/increasing-decreasing-string/
1371,Find the Longest Substring Containing Vowels in Even Counts,Medium,,https://leetcode.com/problems/find-the-longest-substring-containing-vowels-in-even-counts/
1372,Longest ZigZag Path in a Binary Tree,Medium,,https://leetcode.com/problems/longest-zigzag-path-in-a-binary-tree/
1373,Maximum Sum BST in Binary Tree,Hard,,https://leetcode.com/problems/maximum-sum-bst-in-binary-tree/
1374,Generate a String With Characters That Have Odd Counts,Easy,,https://leetcode.com/problems/generate-a-string-with-characters-that-have-odd-counts/
1375,Number of Times Binary String Is Prefix-Aligned,Medium,,https://leetcode.com/problems/number-of-times-binary-string-is-prefix-aligned/
1376,Time Needed to Inform All Employees,Medium,,https://leetcode.com/problems/time-needed-to-inform-all-employees/
1377,Frog Position After T Seconds,Hard,,https://leetcode.com/problems/frog-position-after-t-seconds/
1378,Replace Employee ID With The Unique Identifier,Easy,,https://leetcode.com/problems/replace-employee-id-with-the-unique-identifier/
1379,Find a Corresponding Node of a Binary Tree in a Clone of That Tree,Easy,,https://leetcode.com/problems/find-a-corresponding-node-of-a-binary-tree-in-a-clone-of-that-tree/
1380,Lucky Numbers in a Matrix,Easy,,https://leetcode.com/problems/lucky-numbers-in-a-matrix/
1381,Design a Stack With Increment Operation,Medium,,https://leetcode.com/problems/design-a-stack-with-increment-operation/
1382,Balance a Binary Search Tree,Medium,,https://leetcode.com/problems/balance-a-binary-search-tree/
1383,Maximum Performance of a Team,Hard,,https://leetcode.com/problems/maximum-performance-of-a-team/
1385,Find the Distance Value Between Two Arrays,Easy,,https://leetcode.com/problems/find-the-distance-value-between-two-arrays/
1386,Cinema Seat Allocation,Medium,,https://leetcode.com/problems/cinema-seat-allocation/
1387,Sort Integers by The Power Value,Medium,,https://leetcode.com/problems/sort-integers-by-the-power-value/
1388,Pizza With 3n Slices,Hard,,https://leetcode.com/problems/pizza-with-3n-slices/
1389,Create Target Array in the Given Order,Easy,,https://leetcode.com/problems/create-target-array-in-the-given-order/
1390,Four Divisors,Medium,,https://leetcode.com/problems/four-divisors/
1391,Check if There is a Valid Path in a Grid,Medium,,https://leetcode.com/problems/check-if-there-is-a-valid-path-in-a-grid/
1392,Longest Happy Prefix,Hard,,https://leetcode.com/problems/longest-happy-prefix/
1393,Capital Gain/Loss,Medium,,https://leetcode.com/problems/capital-gainloss/
1394,Find Lucky Integer in an Array,Easy,,https://leetcode.com/problems/find-lucky-integer-in-an-array/
1395,Count Number of Teams,Medium,,https://leetcode.com/problems/count-number-of-teams/
1396,Design Underground System,Medium,,https://leetcode.com/problems/design-underground-system/
1397,Find All Good Strings,Hard,,https://leetcode.com/problems/find-all-good-strings/
1399,Count Largest Group,Easy,,https://leetcode.com/problems/count-largest-group/
1400,Construct K Palindrome Strings,Medium,,https://leetcode.com/problems/construct-k-palindrome-strings/
1401,Circle and Rectangle Overlapping,Medium,,https://leetcode.com/problems/circle-and-rectangle-overlapping/
1402,Reducing Dishes,Hard,,https://leetcode.com/problems/reducing-dishes/
1403,Minimum Subsequence in Non-Increasing Order,Easy,,https://leetcode.com/problems/minimum-subsequence-in-non-increasing-order/
1404,Number of Steps to Reduce a Number in Binary Representation to One,Medium,,https://leetcode.com/problems/number-of-steps-to-reduce-a-number-in-binary-representation-to-one/
1405,Longest Happy String,Medium,,https://leetcode.com/problems/longest-happy-string/
1406,Stone Game III,Hard,,https://leetcode.com/problems/stone-game-iii/
1407,Top Travellers,Easy,,https://leetcode.com/problems/top-travellers/
1408,String Matching in an Array,Easy,,https://leetcode.com/problems/string-matching-in-an-array/
1409,Queries on a Permutation With Key,Medium,,https://leetcode.com/problems/queries-on-a-permutation-with-key/
1410,HTML Entity Parser,Medium,,https://leetcode.com/problems/html-entity-parser/
1411,Number of Ways to Paint N × 3 Grid,Hard,,https://leetcode.com/problems/number-of-ways-to-paint-n-3-grid/
1413,Minimum Value to Get Positive Step by Step Sum,Easy,,https://leetcode.com/problems/minimum-value-to-get-positive-step-by-step-sum/
1414,Find the Minimum Number of Fibonacci Numbers Whose Sum Is K,Medium,,https://leetcode.com/problems/find-the-minimum-number-of-fibonacci-numbers-whose-sum-is-k/
1415,The k-th Lexicographical String of All Happy Strings of Length n,Medium,,https://leetcode.com/problems/the-k-th-lexicographical-string-of-all-happy-strings-of-length-n/
1416,Restore The Array,Hard,,https://leetcode.com/problems/restore-the-array/
1417,Reformat The String,Easy,,https://leetcode.com/problems/reformat-the-string/
1418,Display Table of Food Orders in a Restaurant,Medium,,https://leetcode.com/problems/display-table-of-food-orders-in-a-restaurant/
1419,Minimum Number of Frogs Croaking,Medium,,https://leetcode.com/problems/minimum-number-of-frogs-croaking/
1420,Build Array Where You Can Find The Maximum Exactly K Comparisons,Hard,,https://leetcode.com/problems/build-array-where-you-can-find-the-maximum-exactly-k-comparisons/
1422,Maximum Score After Splitting a String,Easy,,https://leetcode.com/problems/maximum-score-after-splitting-a-string/
1423,Maximum Points You Can Obtain from Cards,Medium,,https://leetcode.com/problems/maximum-points-you-can-obtain-from-cards/
1424,Diagonal Traverse II,Medium,,https://leetcode.com/problems/diagonal-traverse-ii/
1425,Constrained Subsequence Sum,Hard,,https://leetcode.com/problems/constrained-subsequence-sum/
1431,Kids With the Greatest Number of Candies,Easy,,https://leetcode.com/problems/kids-with-the-greatest-number-of-candies/
1432,Max Difference You Can Get From Changing an Integer,Medium,,https://leetcode.com/problems/max-difference-you-can-get-from-changing-an-integer/
1433,Check If a String Can Break Another String,Medium,,https://leetcode.com/problems/check-if-a-string-can-break-another-string/
1434,Number of Ways to Wear Different Hats to Each Other,Hard,,https://leetcode.com/problems/number-of-ways-to-wear-different-hats-to-each-other/
1436,Destination City,Easy,,https://leetcode.com/problems/destination-city/
1437,Check If All 1's Are at Least Length K Places Away,Easy,,https://leetcode.com/problems/check-if-all-1s-are-at-least-length-k-places-away/
1438,Longest Continuous Subarray With Absolute Diff Less Than or Equal to Limit,Medium,,https://leetcode.com/problems/longest-continuous-subarray-with-absolute-diff-less-than-or-equal-to-limit/
1439,Find the Kth Smallest Sum of a Matrix With Sorted Rows,Hard,,https://leetcode.com/problems/find-the-kth-smallest-sum-of-a-matrix-with-sorted-rows/
1441,Build an Array With Stack Operations,Medium,,https://leetcode.com/problems/build-an-array-with-stack-operations/
1442,Count Triplets That Can Form Two Arrays of Equal XOR,Medium,,https://leetcode.com/problems/count-triplets-that-can-form-two-arrays-of-equal-xor/
1443,Minimum Time to Collect All Apples in a Tree,Medium,,https://leetcode.com/problems/minimum-time-to-collect-all-apples-in-a-tree/
1444,Number of Ways of Cutting a Pizza,Hard,,https://leetcode.com/problems/number-of-ways-of-cutting-a-pizza/
1446,Consecutive Characters,Easy,,https://leetcode.com/problems/consecutive-characters/
1447,Simplified Fractions,Medium,,https://leetcode.com/problems/simplified-fractions/
1448,Count Good Nodes in Binary Tree,Medium,,https://leetcode.com/problems/count-good-nodes-in-binary-tree/
1449,Form Largest Integer With Digits That Add up to Target,Hard,,https://leetcode.com/problems/form-largest-integer-with-digits-that-add-up-to-target/
1450,Number of Students Doing Homework at a Given Time,Easy,,https://leetcode.com/problems/number-of-students-doing-homework-at-a-given-time/
1451,Rearrange Words in a Sentence,Medium,,https://leetcode.com/problems/rearrange-words-in-a-sentence/
1452,People Whose List of Favorite Companies Is Not a Subset of Another List,Medium,,https://leetcode.com/problems/people-whose-list-of-favorite-companies-is-not-a-subset-of-another-list/
1453,Maximum Number of Darts Inside of a Circular Dartboard,Hard,,https://leetcode.com/problems/maximum-number-of-darts-inside-of-a-circular-dartboard/
1455,Check If a Word Occurs As a Prefix of Any Word in a Sentence,Easy,,https://leetcode.com/problems/check-if-a-word-occurs-as-a-prefix-of-any-word-in-a-sentence/
1456,Maximum Number of Vowels in a Substring of Given Length,Medium,,https://leetcode.com/problems/maximum-number-of-vowels-in-a-substring-of-given-length/
1457,Pseudo-Palindromic Paths in a Binary Tree,Medium,,https://leetcode.com/problems/pseudo-palindromic-paths-in-a-binary-tree/
1458,Max Dot Product of Two Subsequences,Hard,,https://leetcode.com/problems/max-dot-product-of-two-subsequences/
1460,Make Two Arrays Equal by Reversing Subarrays,Easy,,https://leetcode.com/problems/make-two-arrays-equal-by-reversing-subarrays/
1461,Check If a String Contains All Binary Codes of Size K,Medium,,https://leetcode.com/problems/check-if-a-string-contains-all-binary-codes-of-size-k/
1462,Course Schedule IV,Medium,,https://leetcode.com/problems/course-schedule-iv/
1463,Cherry Pickup II,Hard,,https://leetcode.com/problems/cherry-pickup-ii/
1464,Maximum Product of Two Elements in an Array,Easy,,https://leetcode.com/problems/maximum-product-of-two-elements-in-an-array/
1465,Maximum Area of a Piece of Cake After Horizontal and Vertical Cuts,Medium,,https://leetcode.com/problems/maximum-area-of-a-piece-of-cake-after-horizontal-and-vertical-cuts/
1466,Reorder Routes to Make All Paths Lead to the City Zero,Medium,,https://leetcode.com/problems/reorder-routes-to-make-all-paths-lead-to-the-city-zero/
1467,Probability of a Two Boxes Having The Same Number of Distinct Balls,Hard,,https://leetcode.com/problems/probability-of-a-two-boxes-having-the-same-number-of-distinct-balls/
1470,Shuffle the Array,Easy,,https://leetcode.com/problems/shuffle-the-array/
1471,The k Strongest Values in an Array,Medium,,https://leetcode.com/problems/the-k-strongest-values-in-an-array/
1472,Design Browser History,Medium,,https://leetcode.com/problems/design-browser-history/
1473,Paint House III,Hard,,https://leetcode.com/problems/paint-house-iii/
1475,Final Prices With a Special Discount in a Shop,Easy,,https://leetcode.com/problems/final-prices-with-a-special-discount-in-a-shop/
1476,Subrectangle Queries,Medium,,https://leetcode.com/problems/subrectangle-queries/
1477,Find Two Non-overlapping Sub-arrays Each With Target Sum,Medium,,https://leetcode.com/problems/find-two-non-overlapping-sub-arrays-each-with-target-sum/
1478,Allocate Mailboxes,Hard,,https://leetcode.com/problems/allocate-mailboxes/
1480,Running Sum of 1d Array,Easy,,https://leetcode.com/problems/running-sum-of-1d-array/
1481,Least Number of Unique Integers after K Removals,Medium,,https://leetcode.com/problems/least-number-of-unique-integers-after-k-removals/
1482,Minimum Number of Days to Make m Bouquets,Medium,,https://leetcode.com/problems/minimum-number-of-days-to-make-m-bouquets/
1483,Kth Ancestor of a Tree Node,Hard,,https://leetcode.com/problems/kth-ancestor-of-a-tree-node/
1484,Group Sold Products By The Date,Easy,,https://leetcode.com/problems/group-sold-products-by-the-date/
1486,XOR Operation in an Array,Easy,,https://leetcode.com/problems/xor-operation-in-an-array/
1487,Making File Names Unique,Medium,,https://leetcode.com/problems/making-file-names-unique/
1488,Avoid Flood in The City,Medium,,https://leetcode.com/problems/avoid-flood-in-the-city/
1489,Find Critical and Pseudo-Critical Edges in Minimum Spanning Tree,Hard,,https://leetcode.com/problems/find-critical-and-pseudo-critical-edges-in-minimum-spanning-tree/
1491,Average Salary Excluding the Minimum and Maximum Salary,Easy,,https://leetcode.com/problems/average-salary-excluding-the-minimum-and-maximum-salary/
1492,The kth Factor of n,Medium,,https://leetcode.com/problems/the-kth-factor-of-n/
1493,Longest Subarray of 1's After Deleting One Element,Medium,,https://leetcode.com/problems/longest-subarray-of-1s-after-deleting-one-element/
1494,Parallel Courses II,Hard,,https://leetcode.com/problems/parallel-courses-ii/
1496,Path Crossing,Easy,,https://leetcode.com/problems/path-crossing/
1497,Check If Array Pairs Are Divisible by k,Medium,,https://leetcode.com/problems/check-if-array-pairs-are-divisible-by-k/
1498,Number of Subsequences That Satisfy the Given Sum Condition,Medium,,https://leetcode.com/problems/number-of-subsequences-that-satisfy-the-given-sum-condition/
1499,Max Value of Equation,Hard,,https://leetcode.com/problems/max-value-of-equation/
1502,Can Make Arithmetic Progression From Sequence,Easy,,https://leetcode.com/problems/can-make-arithmetic-progression-from-sequence/
1503,Last Moment Before All Ants Fall Out of a Plank,Medium,,https://leetcode.com/problems/last-moment-before-all-ants-fall-out-of-a-plank/
1504,Count Submatrices With All Ones,Medium,,https://leetcode.com/problems/count-submatrices-with-all-ones/
1505,Minimum Possible Integer After at Most K Adjacent Swaps On Digits,Hard,,https://leetcode.com/problems/minimum-possible-integer-after-at-most-k-adjacent-swaps-on-digits/
1507,Reformat Date,Easy,,https://leetcode.com/problems/reformat-date/
1508,Range Sum of Sorted Subarray Sums,Medium,,https://leetcode.com/problems/range-sum-of-sorted-subarray-sums/
1509,Minimum Difference Between Largest and Smallest Value in Three Moves,Medium,,https://leetcode.com/problems/minimum-difference-between-largest-and-smallest-value-in-three-moves/
1510,Stone Game IV,Hard,,https://leetcode.com/problems/stone-game-iv/
1512,Number of Good Pairs,Easy,,https://leetcode.com/problems/number-of-good-pairs/
1513,Number of Substrings With Only 1s,Medium,,https://leetcode.com/problems/number-of-substrings-with-only-1s/
1514,Path with Maximum Probability,Medium,,https://leetcode.com/problems/path-with-maximum-probability/
1515,Best Position for a Service Centre,Hard,,https://leetcode.com/problems/best-position-for-a-service-centre/
1517,Find Users With Valid E-Mails,Easy,,https://leetcode.com/problems/find-users-with-valid-e-mails/
1518,Water Bottles,Easy,,https://leetcode.com/problems/water-bottles/
1519,Number of Nodes in the Sub-Tree With the Same Label,Medium,,https://leetcode.com/problems/number-of-nodes-in-the-sub-tree-with-the-same-label/
1520,Maximum Number of Non-Overlapping Substrings,Hard,,https://leetcode.com/problems/maximum-number-of-non-overlapping-substrings/
1521,Find a Value of a Mysterious Function Closest to Target,Hard,,https://leetcode.com/problems/find-a-value-of-a-mysterious-function-closest-to-target/
1523,Count Odd Numbers in an Interval Range,Easy,,https://leetcode.com/problems/count-odd-numbers-in-an-interval-range/
1524,Number of Sub-arrays With Odd Sum,Medium,,https://leetcode.com/problems/number-of-sub-arrays-with-odd-sum/
1525,Number of Good Ways to Split a String,Medium,,https://leetcode.com/problems/number-of-good-ways-to-split-a-string/
1526,Minimum Number of Increments on Subarrays to Form a Target Array,Hard,,https://leetcode.com/problems/minimum-number-of-increments-on-subarrays-to-form-a-target-array/
1527,Patients With a Condition,Easy,,https://leetcode.com/problems/patients-with-a-condition/
1528,Shuffle String,Easy,,https://leetcode.com/problems/shuffle-string/
1529,Minimum Suffix Flips,Medium,,https://leetcode.com/problems/minimum-suffix-flips/
1530,Number of Good Leaf Nodes Pairs,Medium,,https://leetcode.com/problems/number-of-good-leaf-nodes-pairs/
1531,String Compression II,Hard,,https://leetcode.com/problems/string-compression-ii/
1534,Count Good Triplets,Easy,,https://leetcode.com/problems/count-good-triplets/
1535,Find the Winner of an Array Game,Medium,,https://leetcode.com/problems/find-the-winner-of-an-array-game/
1536,Minimum Swaps to Arrange a Binary Grid,Medium,,https://leetcode.com/problems/minimum-swaps-to-arrange-a-binary-grid/
1537,Get the Maximum Score,Hard,,https://leetcode.com/problems/get-the-maximum-score/
1539,Kth Missing Positive Number,Easy,,https://leetcode.com/problems/kth-missing-positive-number/
1540,Can Convert String in K Moves,Medium,,https://leetcode.com/problems/can-convert-string-in-k-moves/
1541,Minimum Insertions to Balance a Parentheses String,Medium,,https://leetcode.com/problems/minimum-insertions-to-balance-a-parentheses-string/
1542,Find Longest Awesome Substring,Hard,,https://leetcode.com/problems/find-longest-awesome-substring/
1544,Make The String Great,Easy,,https://leetcode.com/problems/make-the-string-great/
1545,Find Kth Bit in Nth Binary String,Medium,,https://leetcode.com/problems/find-kth-bit-in-nth-binary-string/
1546,Maximum Number of Non-Overlapping Subarrays With Sum Equals Target,Medium,,https://leetcode.com/problems/maximum-number-of-non-overlapping-subarrays-with-sum-equals-target/
1547,Minimum Cost to Cut a Stick,Hard,,https://leetcode.com/problems/minimum-cost-to-cut-a-stick/
1550,Three Consecutive Odds,Easy,,https://leetcode.com/problems/three-consecutive-odds/
1551,Minimum Operations to Make Array Equal,Medium,,https://leetcode.com/problems/minimum-operations-to-make-array-equal/
1552,Magnetic Force Between Two Balls,Medium,,https://leetcode.com/problems/magnetic-force-between-two-balls/
1553,Minimum Number of Days to Eat N Oranges,Hard,,https://leetcode.com/problems/minimum-number-of-days-to-eat-n-oranges/
1556,Thousand Separator,Easy,,https://leetcode.com/problems/thousand-separator/
1557,Minimum Number of Vertices to Reach All Nodes,Medium,,https://leetcode.com/problems/minimum-number-of-vertices-to-reach-all-nodes/
1558,Minimum Numbers of Function Calls to Make Target Array,Medium,,https://leetcode.com/problems/minimum-numbers-of-function-calls-to-make-target-array/
1559,Detect Cycles in 2D Grid,Medium,,https://leetcode.com/problems/detect-cycles-in-2d-grid/
1560,Most Visited Sector in  a Circular Track,Easy,,https://leetcode.com/problems/most-visited-sector-in-a-circular-track/
1561,Maximum Number of Coins You Can Get,Medium,,https://leetcode.com/problems/maximum-number-of-coins-you-can-get/
1562,Find Latest Group of Size M,Medium,,https://leetcode.com/problems/find-latest-group-of-size-m/
1563,Stone Game V,Hard,,https://leetcode.com/problems/stone-game-v/
1566,Detect Pattern of Length M Repeated K or More Times,Easy,,https://leetcode.com/problems/detect-pattern-of-length-m-repeated-k-or-more-times/
1567,Maximum Length of Subarray With Positive Product,Medium,,https://leetcode.com/problems/maximum-length-of-subarray-with-positive-product/
1568,Minimum Number of Days to Disconnect Island,Hard,,https://leetcode.com/problems/minimum-number-of-days-to-disconnect-island/
1569,Number of Ways to Reorder Array to Get Same BST,Hard,,https://leetcode.com/problems/number-of-ways-to-reorder-array-to-get-same-bst/
1572,Matrix Diagonal Sum,Easy,,https://leetcode.com/problems/matrix-diagonal-sum/
1573,Number of Ways to Split a String,Medium,,https://leetcode.com/problems/number-of-ways-to-split-a-string/
1574,Shortest Subarray to be Removed to Make Array Sorted,Medium,,https://leetcode.com/problems/shortest-subarray-to-be-removed-to-make-array-sorted/
1575,Count All Possible Routes,Hard,,https://leetcode.com/problems/count-all-possible-routes/
1576,Replace All ?'s to Avoid Consecutive Repeating Characters,Easy,,https://leetcode.com/problems/replace-all-s-to-avoid-consecutive-repeating-characters/
1577,Number of Ways Where Square of Number Is Equal to Product of Two Numbers,Medium,,https://leetcode.com/problems/number-of-ways-where-square-of-number-is-equal-to-product-of-two-numbers/
1578,Minimum Time to Make Rope Colorful,Medium,,https://leetcode.com/problems/minimum-time-to-make-rope-colorful/
1579,Remove Max Number of Edges to Keep Graph Fully Traversable,Hard,,https://leetcode.com/problems/remove-max-number-of-edges-to-keep-graph-fully-traversable/
1581,Customer Who Visited but Did Not Make Any Transactions,Easy,,https://leetcode.com/problems/customer-who-visited-but-did-not-make-any-transactions/
1582,Special Positions in a Binary Matrix,Easy,,https://leetcode.com/problems/special-positions-in-a-binary-matrix/
1583,Count Unhappy Friends,Medium,,https://leetcode.com/problems/count-unhappy-friends/
1584,Min Cost to Connect All Points,Medium,,https://leetcode.com/problems/min-cost-to-connect-all-points/
1585,Check If String Is Transformable With Substring Sort Operations,Hard,,https://leetcode.com/problems/check-if-string-is-transformable-with-substring-sort-operations/
1587,Bank Account Summary II,Easy,,https://leetcode.com/problems/bank-account-summary-ii/
1588,Sum of All Odd Length Subarrays,Easy,,https://leetcode.com/problems/sum-of-all-odd-length-subarrays/
1589,Maximum Sum Obtained of Any Permutation,Medium,,https://leetcode.com/problems/maximum-sum-obtained-of-any-permutation/
1590,Make Sum Divisible by P,Medium,,https://leetcode.com/problems/make-sum-divisible-by-p/
1591,Strange Printer II,Hard,,https://leetcode.com/problems/strange-printer-ii/
1592,Rearrange Spaces Between Words,Easy,,https://leetcode.com/problems/rearrange-spaces-between-words/
1593,Split a String Into the Max Number of Unique Substrings,Medium,,https://leetcode.com/problems/split-a-string-into-the-max-number-of-unique-substrings/
1594,Maximum Non Negative Product in a Matrix,Medium,,https://leetcode.com/problems/maximum-non-negative-product-in-a-matrix/
1595,Minimum Cost to Connect Two Groups of Points,Hard,,https://leetcode.com/problems/minimum-cost-to-connect-two-groups-of-points/
1598,Crawler Log Folder,Easy,,https://leetcode.com/problems/crawler-log-folder/
1599,Maximum Profit of Operating a Centennial Wheel,Medium,,https://leetcode.com/problems/maximum-profit-of-operating-a-centennial-wheel/
1600,Throne Inheritance,Medium,,https://leetcode.com/problems/throne-inheritance/
1601,Maximum Number of Achievable Transfer Requests,Hard,,https://leetcode.com/problems/maximum-number-of-achievable-transfer-requests/
1603,Design Parking System,Easy,,https://leetcode.com/problems/design-parking-system/
1604,Alert Using Same Key-Card Three or More Times in a One Hour Period,Medium,,https://leetcode.com/problems/alert-using-same-key-card-three-or-more-times-in-a-one-hour-period/
1605,Find Valid Matrix Given Row and Column Sums,Medium,,https://leetcode.com/problems/find-valid-matrix-given-row-and-column-sums/
1606,Find Servers That Handled Most Number of Requests,Hard,,https://leetcode.com/problems/find-servers-that-handled-most-number-of-requests/
1608,Special Array With X Elements Greater Than or Equal X,Easy,,https://leetcode.com/problems/special-array-with-x-elements-greater-than-or-equal-x/
1609,Even Odd Tree,Medium,,https://leetcode.com/problems/even-odd-tree/
1610,Maximum Number of Visible Points,Hard,,https://leetcode.com/problems/maximum-number-of-visible-points/
1611,Minimum One Bit Operations to Make Integers Zero,Hard,,https://leetcode.com/problems/minimum-one-bit-operations-to-make-integers-zero/
1614,Maximum Nesting Depth of the Parentheses,Easy,,https://leetcode.com/problems/maximum-nesting-depth-of-the-parentheses/
1615,Maximal Network Rank,Medium,,https://leetcode.com/problems/maximal-network-rank/
1616,Split Two Strings to Make Palindrome,Medium,,https://leetcode.com/problems/split-two-strings-to-make-palindrome/
1617,Count Subtrees With Max Distance Between Cities,Hard,,https://leetcode.com/problems/count-subtrees-with-max-distance-between-cities/
1619,Mean of Array After Removing Some Elements,Easy,,https://leetcode.com/problems/mean-of-array-after-removing-some-elements/
1620,Coordinate With Maximum Network Quality,Medium,,https://leetcode.com/problems/coordinate-with-maximum-network-quality/
1621,Number of Sets of K Non-Overlapping Line Segments,Medium,,https://leetcode.com/problems/number-of-sets-of-k-non-overlapping-line-segments/
1622,Fancy Sequence,Hard,,https://leetcode.com/problems/fancy-sequence/
1624,Largest Substring Between Two Equal Characters,Easy,,https://leetcode.com/problems/largest-substring-between-two-equal-characters/
1625,Lexicographically Smallest String After Applying Operations,Medium,,https://leetcode.com/problems/lexicographically-smallest-string-after-applying-operations/
1626,Best Team With No Conflicts,Medium,,https://leetcode.com/problems/best-team-with-no-conflicts/
1627,Graph Connectivity With Threshold,Hard,,https://leetcode.com/problems/graph-connectivity-with-threshold/
1629,Slowest Key,Easy,,https://leetcode.com/problems/slowest-key/
1630,Arithmetic Subarrays,Medium,,https://leetcode.com/problems/arithmetic-subarrays/
1631,Path With Minimum Effort,Medium,,https://leetcode.com/problems/path-with-minimum-effort/
1632,Rank Transform of a Matrix,Hard,,https://leetcode.com/problems/rank-transform-of-a-matrix/
1633,Percentage of Users Attended a Contest,Easy,,https://leetcode.com/problems/percentage-of-users-attended-a-contest/
1636,Sort Array by Increasing Frequency,Easy,,https://leetcode.com/problems/sort-array-by-increasing-frequency/
1637,Widest Vertical Area Between Two Points Containing No Points,Easy,,https://leetcode.com/problems/widest-vertical-area-between-two-points-containing-no-points/
1638,Count Substrings That Differ by One Character,Medium,,https://leetcode.com/problems/count-substrings-that-differ-by-one-character/
1639,Number of Ways to Form a Target String Given a Dictionary,Hard,,https://leetcode.com/problems/number-of-ways-to-form-a-target-string-given-a-dictionary/
1640,Check Array Formation Through Concatenation,Easy,,https://leetcode.com/problems/check-array-formation-through-concatenation/
1641,Count Sorted Vowel Strings,Medium,,https://leetcode.com/problems/count-sorted-vowel-strings/
1642,Furthest Building You Can Reach,Medium,,https://leetcode.com/problems/furthest-building-you-can-reach/
1643,Kth Smallest Instructions,Hard,,https://leetcode.com/problems/kth-smallest-instructions/
1646,Get Maximum in Generated Array,Easy,,https://leetcode.com/problems/get-maximum-in-generated-array/
1647,Minimum Deletions to Make Character Frequencies Unique,Medium,,https://leetcode.com/problems/minimum-deletions-to-make-character-frequencies-unique/
1648,Sell Diminishing-Valued Colored Balls,Medium,,https://leetcode.com/problems/sell-diminishing-valued-colored-balls/
1649,Create Sorted Array through Instructions,Hard,,https://leetcode.com/problems/create-sorted-array-through-instructions/
1652,Defuse the Bomb,Easy,,https://leetcode.com/problems/defuse-the-bomb/
1653,Minimum Deletions to Make String Balanced,Medium,,https://leetcode.com/problems/minimum-deletions-to-make-string-balanced/
1654,Minimum Jumps to Reach Home,Medium,,https://leetcode.com/problems/minimum-jumps-to-reach-home/
1655,Distribute Repeating Integers,Hard,,https://leetcode.com/problems/distribute-repeating-integers/
1656,Design an Ordered Stream,Easy,,https://leetcode.com/problems/design-an-ordered-stream/
1657,Determine if Two Strings Are Close,Medium,,https://leetcode.com/problems/determine-if-two-strings-are-close/
1658,Minimum Operations to Reduce X to Zero,Medium,,https://leetcode.com/problems/minimum-operations-to-reduce-x-to-zero/
1659,Maximize Grid Happiness,Hard,,https://leetcode.com/problems/maximize-grid-happiness/
1661,Average Time of Process per Machine,Easy,,https://leetcode.com/problems/average-time-of-process-per-machine/
1662,Check If Two String Arrays are Equivalent,Easy,,https://leetcode.com/problems/check-if-two-string-arrays-are-equivalent/
1663,Smallest String With A Given Numeric Value,Medium,,https://leetcode.com/problems/smallest-string-with-a-given-numeric-value/
1664,Ways to Make a Fair Array,Medium,,https://leetcode.com/problems/ways-to-make-a-fair-array/
1665,Minimum Initial Energy to Finish Tasks,Hard,,https://leetcode.com/problems/minimum-initial-energy-to-finish-tasks/
1667,Fix Names in a Table,Easy,,https://leetcode.com/problems/fix-names-in-a-table/
1668,Maximum Repeating Substring,Easy,,https://leetcode.com/problems/maximum-repeating-substring/
1669,Merge In Between Linked Lists,Medium,,https://leetcode.com/problems/merge-in-between-linked-lists/
1670,Design Front Middle Back Queue,Medium,,https://leetcode.com/problems/design-front-middle-back-queue/
1671,Minimum Number of Removals to Make Mountain Array,Hard,,https://leetcode.com/problems/minimum-number-of-removals-to-make-mountain-array/
1672,Richest Customer Wealth,Easy,,https://leetcode.com/problems/richest-customer-wealth/
1673,Find the Most Competitive Subsequence,Medium,,https://leetcode.com/problems/find-the-most-competitive-subsequence/
1674,Minimum Moves to Make Array Complementary,Medium,,https://leetcode.com/problems/minimum-moves-to-make-array-complementary/
1675,Minimize Deviation in Array,Hard,,https://leetcode.com/problems/minimize-deviation-in-array/
1678,Goal Parser Interpretation,Easy,,https://leetcode.com/problems/goal-parser-interpretation/
1679,Max Number of K-Sum Pairs,Medium,,https://leetcode.com/problems/max-number-of-k-sum-pairs/
1680,Concatenation of Consecutive Binary Numbers,Medium,,https://leetcode.com/problems/concatenation-of-consecutive-binary-numbers/
1681,Minimum Incompatibility,Hard,,https://leetcode.com/problems/minimum-incompatibility/
1683,Invalid Tweets,Easy,,https://leetcode.com/problems/invalid-tweets/
1684,Count the Number of Consistent Strings,Easy,,https://leetcode.com/problems/count-the-number-of-consistent-strings/
1685,Sum of Absolute Differences in a Sorted Array,Medium,,https://leetcode.com/problems/sum-of-absolute-differences-in-a-sorted-array/
1686,Stone Game VI,Medium,,https://leetcode.com/problems/stone-game-vi/
1687,Delivering Boxes from Storage to Ports,Hard,,https://leetcode.com/problems/delivering-boxes-from-storage-to-ports/
1688,Count of Matches in Tournament,Easy,,https://leetcode.com/problems/count-of-matches-in-tournament/
1689,Partitioning Into Minimum Number Of Deci-Binary Numbers,Medium,,https://leetcode.com/problems/partitioning-into-minimum-number-of-deci-binary-numbers/
1690,Stone Game VII,Medium,,https://leetcode.com/problems/stone-game-vii/
1691,Maximum Height by Stacking Cuboids,Hard,,https://leetcode.com/problems/maximum-height-by-stacking-cuboids/
1693,Daily Leads and Partners,Easy,,https://leetcode.com/problems/daily-leads-and-partners/
1694,Reformat Phone Number,Easy,,https://leetcode.com/problems/reformat-phone-number/
1695,Maximum Erasure Value,Medium,,https://leetcode.com/problems/maximum-erasure-value/
1696,Jump Game VI,Medium,,https://leetcode.com/problems/jump-game-vi/
1697,Checking Existence of Edge Length Limited Paths,Hard,,https://leetcode.com/problems/checking-existence-of-edge-length-limited-paths/
1700,Number of Students Unable to Eat Lunch,Easy,,https://leetcode.com/problems/number-of-students-unable-to-eat-lunch/
1701,Average Waiting Time,Medium,,https://leetcode.com/problems/average-waiting-time/
1702,Maximum Binary String After Change,Medium,,https://leetcode.com/problems/maximum-binary-string-after-change/
1703,Minimum Adjacent Swaps for K Consecutive Ones,Hard,,https://leetcode.com/problems/minimum-adjacent-swaps-for-k-consecutive-ones/
1704,Determine if String Halves Are Alike,Easy,,https://leetcode.com/problems/determine-if-string-halves-are-alike/
1705,Maximum Number of Eaten Apples,Medium,,https://leetcode.com/problems/maximum-number-of-eaten-apples/
1706,Where Will the Ball Fall,Medium,,https://leetcode.com/problems/where-will-the-ball-fall/
1707,Maximum XOR With an Element From Array,Hard,,https://leetcode.com/problems/maximum-xor-with-an-element-from-array/
1710,Maximum Units on a Truck,Easy,,https://leetcode.com/problems/maximum-units-on-a-truck/
1711,Count Good Meals,Medium,,https://leetcode.com/problems/count-good-meals/
1712,Ways to Split Array Into Three Subarrays,Medium,,https://leetcode.com/problems/ways-to-split-array-into-three-subarrays/
1713,Minimum Operations to Make a Subsequence,Hard,,https://leetcode.com/problems/minimum-operations-to-make-a-subsequence/
1716,Calculate Money in Leetcode Bank,Easy,,https://leetcode.com/problems/calculate-money-in-leetcode-bank/
1717,Maximum Score From Removing Substrings,Medium,,https://leetcode.com/problems/maximum-score-from-removing-substrings/
1718,Construct the Lexicographically Largest Valid Sequence,Medium,,https://leetcode.com/problems/construct-the-lexicographically-largest-valid-sequence/
1719,Number Of Ways To Reconstruct A Tree,Hard,,https://leetcode.com/problems/number-of-ways-to-reconstruct-a-tree/
1720,Decode XORed Array,Easy,,https://leetcode.com/problems/decode-xored-array/
1721,Swapping Nodes in a Linked List,Medium,,https://leetcode.com/problems/swapping-nodes-in-a-linked-list/
1722,Minimize Hamming Distance After Swap Operations,Medium,,https://leetcode.com/problems/minimize-hamming-distance-after-swap-operations/
1723,Find Minimum Time to Finish All Jobs,Hard,,https://leetcode.com/problems/find-minimum-time-to-finish-all-jobs/
1725,Number Of Rectangles That Can Form The Largest Square,Easy,,https://leetcode.com/problems/number-of-rectangles-that-can-form-the-largest-square/
1726,Tuple with Same Product,Medium,,https://leetcode.com/problems/tuple-with-same-product/
1727,Largest Submatrix With Rearrangements,Medium,,https://leetcode.com/problems/largest-submatrix-with-rearrangements/
1728,Cat and Mouse II,Hard,,https://leetcode.com/problems/cat-and-mouse-ii/
1729,Find Followers Count,Easy,,https://leetcode.com/problems/find-followers-count/
1731,The Number of Employees Which Report to Each Employee,Easy,,https://leetcode.com/problems/the-number-of-employees-which-report-to-each-employee/
1732,Find the Highest Altitude,Easy,,https://leetcode.com/problems/find-the-highest-altitude/
1733,Minimum Number of People to Teach,Medium,,https://leetcode.com/problems/minimum-number-of-people-to-teach/
1734,Decode XORed Permutation,Medium,,https://leetcode.com/problems/decode-xored-permutation/
1735,Count Ways to Make Array With Product,Hard,,https://leetcode.com/problems/count-ways-to-make-array-with-product/
1736,Latest Time by Replacing Hidden Digits,Easy,,https://leetcode.com/problems/latest-time-by-replacing-hidden-digits/
1737,Change Minimum Characters to Satisfy One of Three Conditions,Medium,,https://leetcode.com/problems/change-minimum-characters-to-satisfy-one-of-three-conditions/
1738,Find Kth Largest XOR Coordinate Value,Medium,,https://leetcode.com/problems/find-kth-largest-xor-coordinate-value/
1739,Building Boxes,Hard,,https://leetcode.com/problems/building-boxes/
1741,Find Total Time Spent by Each Employee,Easy,,https://leetcode.com/problems/find-total-time-spent-by-each-employee/
1742,Maximum Number of Balls in a Box,Easy,,https://leetcode.com/problems/maximum-number-of-balls-in-a-box/
1743,Restore the Array From Adjacent Pairs,Medium,,https://leetcode.com/problems/restore-the-array-from-adjacent-pairs/
1744,Can You Eat Your Favorite Candy on Your Favorite Day?,Medium,,https://leetcode.com/problems/can-you-eat-your-favorite-candy-on-your-favorite-day/
1745,Palindrome Partitioning IV,Hard,,https://leetcode.com/problems/palindrome-partitioning-iv/
1748,Sum of Unique Elements,Easy,,https://leetcode.com/problems/sum-of-unique-elements/
1749,Maximum Absolute Sum of Any Subarray,Medium,,https://leetcode.com/problems/maximum-absolute-sum-of-any-subarray/
1750,Minimum Length of String After Deleting Similar Ends,Medium,,https://leetcode.com/problems/minimum-length-of-string-after-deleting-similar-ends/
1751,Maximum Number of Events That Can Be Attended II,Hard,,https://leetcode.com/problems/maximum-number-of-events-that-can-be-attended-ii/
1752,Check if Array Is Sorted and Rotated,Easy,,https://leetcode.com/problems/check-if-array-is-sorted-and-rotated/
1753,Maximum Score From Removing Stones,Medium,,https://leetcode.com/problems/maximum-score-from-removing-stones/
1754,Largest Merge Of Two Strings,Medium,,https://leetcode.com/problems/largest-merge-of-two-strings/
1755,Closest Subsequence Sum,Hard,,https://leetcode.com/problems/closest-subsequence-sum/
1757,Recyclable and Low Fat Products,Easy,,https://leetcode.com/problems/recyclable-and-low-fat-products/
1758,Minimum Changes To Make Alternating Binary String,Easy,,https://leetcode.com/problems/minimum-changes-to-make-alternating-binary-string/
1759,Count Number of Homogenous Substrings,Medium,,https://leetcode.com/problems/count-number-of-homogenous-substrings/
1760,Minimum Limit of Balls in a Bag,Medium,,https://leetcode.com/problems/minimum-limit-of-balls-in-a-bag/
1761,Minimum Degree of a Connected Trio in a Graph,Hard,,https://leetcode.com/problems/minimum-degree-of-a-connected-trio-in-a-graph/
1763,Longest Nice Substring,Easy,,https://leetcode.com/problems/longest-nice-substring/
1764,Form Array by Concatenating Subarrays of Another Array,Medium,,https://leetcode.com/problems/form-array-by-concatenating-subarrays-of-another-array/
1765,Map of Highest Peak,Medium,,https://leetcode.com/problems/map-of-highest-peak/
1766,Tree of Coprimes,Hard,,https://leetcode.com/problems/tree-of-coprimes/
1768,Merge Strings Alternately,Easy,,https://leetcode.com/problems/merge-strings-alternately/
1769,Minimum Number of Operations to Move All Balls to Each Box,Medium,,https://leetcode.com/problems/minimum-number-of-operations-to-move-all-balls-to-each-box/
1770,Maximum Score from Performing Multiplication Operations,Hard,,https://leetcode.com/problems/maximum-score-from-performing-multiplication-operations/
1771,Maximize Palindrome Length From Subsequences,Hard,,https://leetcode.com/problems/maximize-palindrome-length-from-subsequences/
1773,Count Items Matching a Rule,Easy,,https://leetcode.com/problems/count-items-matching-a-rule/
1774,Closest Dessert Cost,Medium,,https://leetcode.com/problems/closest-dessert-cost/
1775,Equal Sum Arrays With Minimum Number of Operations,Medium,,https://leetcode.com/problems/equal-sum-arrays-with-minimum-number-of-operations/
1776,Car Fleet II,Hard,,https://leetcode.com/problems/car-fleet-ii/
1779,Find Nearest Point That Has the Same X or Y Coordinate,Easy,,https://leetcode.com/problems/find-nearest-point-that-has-the-same-x-or-y-coordinate/
1780,Check if Number is a Sum of Powers of Three,Medium,,https://leetcode.com/problems/check-if-number-is-a-sum-of-powers-of-three/
1781,Sum of Beauty of All Substrings,Medium,,https://leetcode.com/problems/sum-of-beauty-of-all-substrings/
1782,Count Pairs Of Nodes,Hard,,https://leetcode.com/problems/count-pairs-of-nodes/
1784,Check if Binary String Has at Most One Segment of Ones,Easy,,https://leetcode.com/problems/check-if-binary-string-has-at-most-one-segment-of-ones/
1785,Minimum Elements to Add to Form a Given Sum,Medium,,https://leetcode.com/problems/minimum-elements-to-add-to-form-a-given-sum/
1786,Number of Restricted Paths From First to Last Node,Medium,,https://leetcode.com/problems/number-of-restricted-paths-from-first-to-last-node/
1787,Make the XOR of All Segments Equal to Zero,Hard,,https://leetcode.com/problems/make-the-xor-of-all-segments-equal-to-zero/
1789,Primary Department for Each Employee,Easy,,https://leetcode.com/problems/primary-department-for-each-employee/
1790,Check if One String Swap Can Make Strings Equal,Easy,,https://leetcode.com/problems/check-if-one-string-swap-can-make-strings-equal/
1791,Find Center of Star Graph,Easy,,https://leetcode.com/problems/find-center-of-star-graph/
1792,Maximum Average Pass Ratio,Medium,,https://leetcode.com/problems/maximum-average-pass-ratio/
1793,Maximum Score of a Good Subarray,Hard,,https://leetcode.com/problems/maximum-score-of-a-good-subarray/
1795,Rearrange Products Table,Easy,,https://leetcode.com/problems/rearrange-products-table/
1796,Second Largest Digit in a String,Easy,,https://leetcode.com/problems/second-largest-digit-in-a-string/
1797,Design Authentication Manager,Medium,,https://leetcode.com/problems/design-authentication-manager/
1798,Maximum Number of Consecutive Values You Can Make,Medium,,https://leetcode.com/problems/maximum-number-of-consecutive-values-you-can-make/
1799,Maximize Score After N Operations,Hard,,https://leetcode.com/problems/maximize-score-after-n-operations/
1800,Maximum Ascending Subarray Sum,Easy,,https://leetcode.com/problems/maximum-ascending-subarray-sum/
1801,Number of Orders in the Backlog,Medium,,https://leetcode.com/problems/number-of-orders-in-the-backlog/
1802,Maximum Value at a Given Index in a Bounded Array,Medium,,https://leetcode.com/problems/maximum-value-at-a-given-index-in-a-bounded-array/
1803,Count Pairs With XOR in a Range,Hard,,https://leetcode.com/problems/count-pairs-with-xor-in-a-range/
1805,Number of Different Integers in a String,Easy,,https://leetcode.com/problems/number-of-different-integers-in-a-string/
1806,Minimum Number of Operations to Reinitialize a Permutation,Medium,,https://leetcode.com/problems/minimum-number-of-operations-to-reinitialize-a-permutation/
1807,Evaluate the Bracket Pairs of a String,Medium,,https://leetcode.com/problems/evaluate-the-bracket-pairs-of-a-string/
1808,Maximize Number of Nice Divisors,Hard,,https://leetcode.com/problems/maximize-number-of-nice-divisors/
1812,Determine Color of a Chessboard Square,Easy,,https://leetcode.com/problems/determine-color-of-a-chessboard-square/
1813,Sentence Similarity III,Medium,,https://leetcode.com/problems/sentence-similarity-iii/
1814,Count Nice Pairs in an Array,Medium,,https://leetcode.com/problems/count-nice-pairs-in-an-array/
1815,Maximum Number of Groups Getting Fresh Donuts,Hard,,https://leetcode.com/problems/maximum-number-of-groups-getting-fresh-donuts/
1816,Truncate Sentence,Easy,,https://leetcode.com/problems/truncate-sentence/
1817,Finding the Users Active Minutes,Medium,,https://leetcode.com/problems/finding-the-users-active-minutes/
1818,Minimum Absolute Sum Difference,Medium,,https://leetcode.com/problems/minimum-absolute-sum-difference/
1819,Number of Different Subsequences GCDs,Hard,,https://leetcode.com/problems/number-of-different-subsequences-gcds/
1822,Sign of the Product of an Array,Easy,,https://leetcode.com/problems/sign-of-the-product-of-an-array/
1823,Find the Winner of the Circular Game,Medium,,https://leetcode.com/problems/find-the-winner-of-the-circular-game/
1824,Minimum Sideway Jumps,Medium,,https://leetcode.com/problems/minimum-sideway-jumps/
1825,Finding MK Average,Hard,,https://leetcode.com/problems/finding-mk-average/
1827,Minimum Operations to Make the Array Increasing,Easy,,https://leetcode.com/problems/minimum-operations-to-make-the-array-increasing/
1828,Queries on Number of Points Inside a Circle,Medium,,https://leetcode.com/problems/queries-on-number-of-points-inside-a-circle/
1829,Maximum XOR for Each Query,Medium,,https://leetcode.com/problems/maximum-xor-for-each-query/
1830,Minimum Number of Operations to Make String Sorted,Hard,,https://leetcode.com/problems/minimum-number-of-operations-to-make-string-sorted/
1832,Check if the Sentence Is Pangram,Easy,,https://leetcode.com/problems/check-if-the-sentence-is-pangram/
1833,Maximum Ice Cream Bars,Medium,,https://leetcode.com/problems/maximum-ice-cream-bars/
1834,Single-Threaded CPU,Medium,,https://leetcode.com/problems/single-threaded-cpu/
1835,Find XOR Sum of All Pairs Bitwise AND,Hard,,https://leetcode.com/problems/find-xor-sum-of-all-pairs-bitwise-and/
1837,Sum of Digits in Base K,Easy,,https://leetcode.com/problems/sum-of-digits-in-base-k/
1838,Frequency of the Most Frequent Element,Medium,,https://leetcode.com/problems/frequency-of-the-most-frequent-element/
1839,Longest Substring Of All Vowels in Order,Medium,,https://leetcode.com/problems/longest-substring-of-all-vowels-in-order/
1840,Maximum Building Height,Hard,,https://leetcode.com/problems/maximum-building-height/
1844,Replace All Digits with Characters,Easy,,https://leetcode.com/problems/replace-all-digits-with-characters/
1845,Seat Reservation Manager,Medium,,https://leetcode.com/problems/seat-reservation-manager/
1846,Maximum Element After Decreasing and Rearranging,Medium,,https://leetcode.com/problems/maximum-element-after-decreasing-and-rearranging/
1847,Closest Room,Hard,,https://leetcode.com/problems/closest-room/
1848,Minimum Distance to the Target Element,Easy,,https://leetcode.com/problems/minimum-distance-to-the-target-element/
1849,Splitting a String Into Descending Consecutive Values,Medium,,https://leetcode.com/problems/splitting-a-string-into-descending-consecutive-values/
1850,Minimum Adjacent Swaps to Reach the Kth Smallest Number,Medium,,https://leetcode.com/problems/minimum-adjacent-swaps-to-reach-the-kth-smallest-number/
1851,Minimum Interval to Include Each Query,Hard,,https://leetcode.com/problems/minimum-interval-to-include-each-query/
1854,Maximum Population Year,Easy,,https://leetcode.com/problems/maximum-population-year/
1855,Maximum Distance Between a Pair of Values,Medium,,https://leetcode.com/problems/maximum-distance-between-a-pair-of-values/
1856,Maximum Subarray Min-Product,Medium,,https://leetcode.com/problems/maximum-subarray-min-product/
1857,Largest Color Value in a Directed Graph,Hard,,https://leetcode.com/problems/largest-color-value-in-a-directed-graph/
1859,Sorting the Sentence,Easy,,https://leetcode.com/problems/sorting-the-sentence/
1860,Incremental Memory Leak,Medium,,https://leetcode.com/problems/incremental-memory-leak/
1861,Rotating the Box,Medium,,https://leetcode.com/problems/rotating-the-box/
1862,Sum of Floored Pairs,Hard,,https://leetcode.com/problems/sum-of-floored-pairs/
1863,Sum of All Subset XOR Totals,Easy,,https://leetcode.com/problems/sum-of-all-subset-xor-totals/
1864,Minimum Number of Swaps to Make the Binary String Alternating,Medium,,https://leetcode.com/problems/minimum-number-of-swaps-to-make-the-binary-string-alternating/
1865,Finding Pairs With a Certain Sum,Medium,,https://leetcode.com/problems/finding-pairs-with-a-certain-sum/
1866,Number of Ways to Rearrange Sticks With K Sticks Visible,Hard,,https://leetcode.com/problems/number-of-ways-to-rearrange-sticks-with-k-sticks-visible/
1869,Longer Contiguous Segments of Ones than Zeros,Easy,,https://leetcode.com/problems/longer-contiguous-segments-of-ones-than-zeros/
1870,Minimum Speed to Arrive on Time,Medium,,https://leetcode.com/problems/minimum-speed-to-arrive-on-time/
1871,Jump Game VII,Medium,,https://leetcode.com/problems/jump-game-vii/
1872,Stone Game VIII,Hard,,https://leetcode.com/problems/stone-game-viii/
1873,Calculate Special Bonus,Easy,,https://leetcode.com/problems/calculate-special-bonus/
1876,Substrings of Size Three with Distinct Characters,Easy,,https://leetcode.com/problems/substrings-of-size-three-with-distinct-characters/
1877,Minimize Maximum Pair Sum in Array,Medium,,https://leetcode.com/problems/minimize-maximum-pair-sum-in-array/
1878,Get Biggest Three Rhombus Sums in a Grid,Medium,,https://leetcode.com/problems/get-biggest-three-rhombus-sums-in-a-grid/
1879,Minimum XOR Sum of Two Arrays,Hard,,https://leetcode.com/problems/minimum-xor-sum-of-two-arrays/
1880,Check if Word Equals Summation of Two Words,Easy,,https://leetcode.com/problems/check-if-word-equals-summation-of-two-words/
1881,Maximum Value after Insertion,Medium,,https://leetcode.com/problems/maximum-value-after-insertion/
1882,Process Tasks Using Servers,Medium,,https://leetcode.com/problems/process-tasks-using-servers/
1883,Minimum Skips to Arrive at Meeting On Time,Hard,,https://leetcode.com/problems/minimum-skips-to-arrive-at-meeting-on-time/
1884,Egg Drop With 2 Eggs and N Floors,Medium,,https://leetcode.com/problems/egg-drop-with-2-eggs-and-n-floors/
1886,Determine Whether Matrix Can Be Obtained By Rotation,Easy,,https://leetcode.com/problems/determine-whether-matrix-can-be-obtained-by-rotation/
1887,Reduction Operations to Make the Array Elements Equal,Medium,,https://leetcode.com/problems/reduction-operations-to-make-the-array-elements-equal/
1888,Minimum Number of Flips to Make the Binary String Alternating,Medium,,https://leetcode.com/problems/minimum-number-of-flips-to-make-the-binary-string-alternating/
1889,Minimum Space Wasted From Packaging,Hard,,https://leetcode.com/problems/minimum-space-wasted-from-packaging/
1890,The Latest Login in 2020,Easy,,https://leetcode.com/problems/the-latest-login-in-2020/
1893,Check if All the Integers in a Range Are Covered,Easy,,https://leetcode.com/problems/check-if-all-the-integers-in-a-range-are-covered/
1894,Find the Student that Will Replace the Chalk,Medium,,https://leetcode.com/problems/find-the-student-that-will-replace-the-chalk/
1895,Largest Magic Square,Medium,,https://leetcode.com/problems/largest-magic-square/
1896,Minimum Cost to Change the Final Value of Expression,Hard,,https://leetcode.com/problems/minimum-cost-to-change-the-final-value-of-expression/
1897,Redistribute Characters to Make All Strings Equal,Easy,,https://leetcode.com/problems/redistribute-characters-to-make-all-strings-equal/
1898,Maximum Number of Removable Characters,Medium,,https://leetcode.com/problems/maximum-number-of-removable-characters/
1899,Merge Triplets to Form Target Triplet,Medium,,https://leetcode.com/problems/merge-triplets-to-form-target-triplet/
1900,The Earliest and Latest Rounds Where Players Compete,Hard,,https://leetcode.com/problems/the-earliest-and-latest-rounds-where-players-compete/
1901,Find a Peak Element II,Medium,,https://leetcode.com/problems/find-a-peak-element-ii/
1903,Largest Odd Number in String,Easy,,https://leetcode.com/problems/largest-odd-number-in-string/
1904,The Number of Full Rounds You Have Played,Medium,,https://leetcode.com/problems/the-number-of-full-rounds-you-have-played/
1905,Count Sub Islands,Medium,,https://leetcode.com/problems/count-sub-islands/
1906,Minimum Absolute Difference Queries,Medium,,https://leetcode.com/problems/minimum-absolute-difference-queries/
1907,Count Salary Categories,Medium,,https://leetcode.com/problems/count-salary-categories/
1909,Remove One Element to Make the Array Strictly Increasing,Easy,,https://leetcode.com/problems/remove-one-element-to-make-the-array-strictly-increasing/
1910,Remove All Occurrences of a Substring,Medium,,https://leetcode.com/problems/remove-all-occurrences-of-a-substring/
1911,Maximum Alternating Subsequence Sum,Medium,,https://leetcode.com/problems/maximum-alternating-subsequence-sum/
1912,Design Movie Rental System,Hard,,https://leetcode.com/problems/design-movie-rental-system/
1913,Maximum Product Difference Between Two Pairs,Easy,,https://leetcode.com/problems/maximum-product-difference-between-two-pairs/
1914,Cyclically Rotating a Grid,Medium,,https://leetcode.com/problems/cyclically-rotating-a-grid/
1915,Number of Wonderful Substrings,Medium,,https://leetcode.com/problems/number-of-wonderful-substrings/
1916,Count Ways to Build Rooms in an Ant Colony,Hard,,https://leetcode.com/problems/count-ways-to-build-rooms-in-an-ant-colony/
1920,Build Array from Permutation,Easy,,https://leetcode.com/problems/build-array-from-permutation/
1921,Eliminate Maximum Number of Monsters,Medium,,https://leetcode.com/problems/eliminate-maximum-number-of-monsters/
1922,Count Good Numbers,Medium,,https://leetcode.com/problems/count-good-numbers/
1923,Longest Common Subpath,Hard,,https://leetcode.com/problems/longest-common-subpath/
1925,Count Square Sum Triples,Easy,,https://leetcode.com/problems/count-square-sum-triples/
1926,Nearest Exit from Entrance in Maze,Medium,,https://leetcode.com/problems/nearest-exit-from-entrance-in-maze/
1927,Sum Game,Medium,,https://leetcode.com/problems/sum-game/
1928,Minimum Cost to Reach Destination in Time,Hard,,https://leetcode.com/problems/minimum-cost-to-reach-destination-in-time/
1929,Concatenation of Array,Easy,,https://leetcode.com/problems/concatenation-of-array/
1930,Unique Length-3 Palindromic Subsequences,Medium,,https://leetcode.com/problems/unique-length-3-palindromic-subsequences/
1931,Painting a Grid With Three Different Colors,Hard,,https://leetcode.com/problems/painting-a-grid-with-three-different-colors/
1932,Merge BSTs to Create Single BST,Hard,,https://leetcode.com/problems/merge-bsts-to-create-single-bst/
1934,Confirmation Rate,Medium,,https://leetcode.com/problems/confirmation-rate/
1935,Maximum Number of Words You Can Type,Easy,,https://leetcode.com/problems/maximum-number-of-words-you-can-type/
1936,Add Minimum Number of Rungs,Medium,,https://leetcode.com/problems/add-minimum-number-of-rungs/
1937,Maximum Number of Points with Cost,Medium,,https://leetcode.com/problems/maximum-number-of-points-with-cost/
1938,Maximum Genetic Difference Query,Hard,,https://leetcode.com/problems/maximum-genetic-difference-query/
1941,Check if All Characters Have Equal Number of Occurrences,Easy,,https://leetcode.com/problems/check-if-all-characters-have-equal-number-of-occurrences/
1942,The Number of the Smallest Unoccupied Chair,Medium,,https://leetcode.com/problems/the-number-of-the-smallest-unoccupied-chair/
1943,Describe the Painting,Medium,,https://leetcode.com/problems/describe-the-painting/
1944,Number of Visible People in a Queue,Hard,,https://leetcode.com/problems/number-of-visible-people-in-a-queue/
1945,Sum of Digits of String After Convert,Easy,,https://leetcode.com/problems/sum-of-digits-of-string-after-convert/
1946,Largest Number After Mutating Substring,Medium,,https://leetcode.com/problems/largest-number-after-mutating-substring/
1947,Maximum Compatibility Score Sum,Medium,,https://leetcode.com/problems/maximum-compatibility-score-sum/
1948,Delete Duplicate Folders in System,Hard,,https://leetcode.com/problems/delete-duplicate-folders-in-system/
1952,Three Divisors,Easy,,https://leetcode.com/problems/three-divisors/
1953,Maximum Number of Weeks for Which You Can Work,Medium,,https://leetcode.com/problems/maximum-number-of-weeks-for-which-you-can-work/
1954,Minimum Garden Perimeter to Collect Enough Apples,Medium,,https://leetcode.com/problems/minimum-garden-perimeter-to-collect-enough-apples/
1955,Count Number of Special Subsequences,Hard,,https://leetcode.com/problems/count-number-of-special-subsequences/
1957,Delete Characters to Make Fancy String,Easy,,https://leetcode.com/problems/delete-characters-to-make-fancy-string/
1958,Check if Move is Legal,Medium,,https://leetcode.com/problems/check-if-move-is-legal/
1959,Minimum Total Space Wasted With K Resizing Operations,Medium,,https://leetcode.com/problems/minimum-total-space-wasted-with-k-resizing-operations/
1960,Maximum Product of the Length of Two Palindromic Substrings,Hard,,https://leetcode.com/problems/maximum-product-of-the-length-of-two-palindromic-substrings/
1961,Check If String Is a Prefix of Array,Easy,,https://leetcode.com/problems/check-if-string-is-a-prefix-of-array/
1962,Remove Stones to Minimize the Total,Medium,,https://leetcode.com/problems/remove-stones-to-minimize-the-total/
1963,Minimum Number of Swaps to Make the String Balanced,Medium,,https://leetcode.com/problems/minimum-number-of-swaps-to-make-the-string-balanced/
1964,Find the Longest Valid Obstacle Course at Each Position,Hard,,https://leetcode.com/problems/find-the-longest-valid-obstacle-course-at-each-position/
1965,Employees With Missing Information,Easy,,https://leetcode.com/problems/employees-with-missing-information/
1967,Number of Strings That Appear as Substrings in Word,Easy,,https://leetcode.com/problems/number-of-strings-that-appear-as-substrings-in-word/
1968,Array With Elements Not Equal to Average of Neighbors,Medium,,https://leetcode.com/problems/array-with-elements-not-equal-to-average-of-neighbors/
1969,Minimum Non-Zero Product of the Array Elements,Medium,,https://leetcode.com/problems/minimum-non-zero-product-of-the-array-elements/
1970,Last Day Where You Can Still Cross,Hard,,https://leetcode.com/problems/last-day-where-you-can-still-cross/
1971,Find if Path Exists in Graph,Easy,,https://leetcode.com/problems/find-if-path-exists-in-graph/
1974,Minimum Time to Type Word Using Special Typewriter,Easy,,https://leetcode.com/problems/minimum-time-to-type-word-using-special-typewriter/
1975,Maximum Matrix Sum,Medium,,https://leetcode.com/problems/maximum-matrix-sum/
1976,Number of Ways to Arrive at Destination,Medium,,https://leetcode.com/problems/number-of-ways-to-arrive-at-destination/
1977,Number of Ways to Separate Numbers,Hard,,https://leetcode.com/problems/number-of-ways-to-separate-numbers/
1978,Employees Whose Manager Left the Company,Easy,,https://leetcode.com/problems/employees-whose-manager-left-the-company/
1979,Find Greatest Common Divisor of Array,Easy,,https://leetcode.com/problems/find-greatest-common-divisor-of-array/
1980,Find Unique Binary String,Medium,,https://leetcode.com/problems/find-unique-binary-string/
1981,Minimize the Difference Between Target and Chosen Elements,Medium,,https://leetcode.com/problems/minimize-the-difference-between-target-and-chosen-elements/
1982,Find Array Given Subset Sums,Hard,,https://leetcode.com/problems/find-array-given-subset-sums/
1984,Minimum Difference Between Highest and Lowest of K Scores,Easy,,https://leetcode.com/problems/minimum-difference-between-highest-and-lowest-of-k-scores/
1985,Find the Kth Largest Integer in the Array,Medium,,https://leetcode.com/problems/find-the-kth-largest-integer-in-the-array/
1986,Minimum Number of Work Sessions to Finish the Tasks,Medium,,https://leetcode.com/problems/minimum-number-of-work-sessions-to-finish-the-tasks/
1987,Number of Unique Good Subsequences,Hard,,https://leetcode.com/problems/number-of-unique-good-subsequences/
1991,Find the Middle Index in Array,Easy,,https://leetcode.com/problems/find-the-middle-index-in-array/
1992,Find All Groups of Farmland,Medium,,https://leetcode.com/problems/find-all-groups-of-farmland/
1993,Operations on Tree,Medium,,https://leetcode.com/problems/operations-on-tree/
1994,The Number of Good Subsets,Hard,,https://leetcode.com/problems/the-number-of-good-subsets/
1995,Count Special Quadruplets,Easy,,https://leetcode.com/problems/count-special-quadruplets/
1996,The Number of Weak Characters in the Game,Medium,,https://leetcode.com/problems/the-number-of-weak-characters-in-the-game/
1997,First Day Where You Have Been in All the Rooms,Medium,,https://leetcode.com/problems/first-day-where-you-have-been-in-all-the-rooms/
1998,GCD Sort of an Array,Hard,,https://leetcode.com/problems/gcd-sort-of-an-array/
2000,Reverse Prefix of Word,Easy,,https://leetcode.com/problems/reverse-prefix-of-word/
2001,Number of Pairs of Interchangeable Rectangles,Medium,,https://leetcode.com/problems/number-of-pairs-of-interchangeable-rectangles/
2002,Maximum Product of the Length of Two Palindromic Subsequences,Medium,,https://leetcode.com/problems/maximum-product-of-the-length-of-two-palindromic-subsequences/
2003,Smallest Missing Genetic Value in Each Subtree,Hard,,https://leetcode.com/problems/smallest-missing-genetic-value-in-each-subtree/
2006,Count Number of Pairs With Absolute Difference K,Easy,,https://leetcode.com/problems/count-number-of-pairs-with-absolute-difference-k/
2007,Find Original Array From Doubled Array,Medium,,https://leetcode.com/problems/find-original-array-from-doubled-array/
2008,Maximum Earnings From Taxi,Medium,,https://leetcode.com/problems/maximum-earnings-from-taxi/
2009,Minimum Number of Operations to Make Array Continuous,Hard,,https://leetcode.com/problems/minimum-number-of-operations-to-make-array-continuous/
2011,Final Value of Variable After Performing Operations,Easy,,https://leetcode.com/problems/final-value-of-variable-after-performing-operations/
2012,Sum of Beauty in the Array,Medium,,https://leetcode.com/problems/sum-of-beauty-in-the-array/
2013,Detect Squares,Medium,,https://leetcode.com/problems/detect-squares/
2014,Longest Subsequence Repeated k Times,Hard,,https://leetcode.com/problems/longest-subsequence-repeated-k-times/
2016,Maximum Difference Between Increasing Elements,Easy,,https://leetcode.com/problems/maximum-difference-between-increasing-elements/
2017,Grid Game,Medium,,https://leetcode.com/problems/grid-game/
2018,Check if Word Can Be Placed In Crossword,Medium,,https://leetcode.com/problems/check-if-word-can-be-placed-in-crossword/
2019,The Score of Students Solving Math Expression,Hard,,https://leetcode.com/problems/the-score-of-students-solving-math-expression/
2022,Convert 1D Array Into 2D Array,Easy,,https://leetcode.com/problems/convert-1d-array-into-2d-array/
2023,Number of Pairs of Strings With Concatenation Equal to Target,Medium,,https://leetcode.com/problems/number-of-pairs-of-strings-with-concatenation-equal-to-target/
2024,Maximize the Confusion of an Exam,Medium,,https://leetcode.com/problems/maximize-the-confusion-of-an-exam/
2025,Maximum Number of Ways to Partition an Array,Hard,,https://leetcode.com/problems/maximum-number-of-ways-to-partition-an-array/
2027,Minimum Moves to Convert String,Easy,,https://leetcode.com/problems/minimum-moves-to-convert-string/
2028,Find Missing Observations,Medium,,https://leetcode.com/problems/find-missing-observations/
2029,Stone Game IX,Medium,,https://leetcode.com/problems/stone-game-ix/
2030,Smallest K-Length Subsequence With Occurrences of a Letter,Hard,,https://leetcode.com/problems/smallest-k-length-subsequence-with-occurrences-of-a-letter/
2032,Two Out of Three,Easy,,https://leetcode.com/problems/two-out-of-three/
2033,Minimum Operations to Make a Uni-Value Grid,Medium,,https://leetcode.com/problems/minimum-operations-to-make-a-uni-value-grid/
2034,Stock Price Fluctuation,Medium,,https://leetcode.com/problems/stock-price-fluctuation/
2035,Partition Array Into Two Arrays to Minimize Sum Difference,Hard,,https://leetcode.com/problems/partition-array-into-two-arrays-to-minimize-sum-difference/
2037,Minimum Number of Moves to Seat Everyone,Easy,,https://leetcode.com/problems/minimum-number-of-moves-to-seat-everyone/
2038,Remove Colored Pieces if Both Neighbors are the Same Color,Medium,,https://leetcode.com/problems/remove-colored-pieces-if-both-neighbors-are-the-same-color/
2039,The Time When the Network Becomes Idle,Medium,,https://leetcode.com/problems/the-time-when-the-network-becomes-idle/
2040,Kth Smallest Product of Two Sorted Arrays,Hard,,https://leetcode.com/problems/kth-smallest-product-of-two-sorted-arrays/
2042,Check if Numbers Are Ascending in a Sentence,Easy,,https://leetcode.com/problems/check-if-numbers-are-ascending-in-a-sentence/
2043,Simple Bank System,Medium,,https://leetcode.com/problems/simple-bank-system/
2044,Count Number of Maximum Bitwise-OR Subsets,Medium,,https://leetcode.com/problems/count-number-of-maximum-bitwise-or-subsets/
2045,Second Minimum Time to Reach Destination,Hard,,https://leetcode.com/problems/second-minimum-time-to-reach-destination/
2047,Number of Valid Words in a Sentence,Easy,,https://leetcode.com/problems/number-of-valid-words-in-a-sentence/
2048,Next Greater Numerically Balanced Number,Medium,,https://leetcode.com/problems/next-greater-numerically-balanced-number/
2049,Count Nodes With the Highest Score,Medium,,https://leetcode.com/problems/count-nodes-with-the-highest-score/
2050,Parallel Courses III,Hard,,https://leetcode.com/problems/parallel-courses-iii/
2053,Kth Distinct String in an Array,Easy,,https://leetcode.com/problems/kth-distinct-string-in-an-array/
2054,Two Best Non-Overlapping Events,Medium,,https://leetcode.com/problems/two-best-non-overlapping-events/
2055,Plates Between Candles,Medium,,https://leetcode.com/problems/plates-between-candles/
2056,Number of Valid Move Combinations On Chessboard,Hard,,https://leetcode.com/problems/number-of-valid-move-combinations-on-chessboard/
2057,Smallest Index With Equal Value,Easy,,https://leetcode.com/problems/smallest-index-with-equal-value/
2058,Find the Minimum and Maximum Number of Nodes Between Critical Points,Medium,,https://leetcode.com/problems/find-the-minimum-and-maximum-number-of-nodes-between-critical-points/
2059,Minimum Operations to Convert Number,Medium,,https://leetcode.com/problems/minimum-operations-to-convert-number/
2060,Check if an Original String Exists Given Two Encoded Strings,Hard,,https://leetcode.com/problems/check-if-an-original-string-exists-given-two-encoded-strings/
2062,Count Vowel Substrings of a String,Easy,,https://leetcode.com/problems/count-vowel-substrings-of-a-string/
2063,Vowels of All Substrings,Medium,,https://leetcode.com/problems/vowels-of-all-substrings/
2064,Minimized Maximum of Products Distributed to Any Store,Medium,,https://leetcode.com/problems/minimized-maximum-of-products-distributed-to-any-store/
2065,Maximum Path Quality of a Graph,Hard,,https://leetcode.com/problems/maximum-path-quality-of-a-graph/
2068,Check Whether Two Strings are Almost Equivalent,Easy,,https://leetcode.com/problems/check-whether-two-strings-are-almost-equivalent/
2069,Walking Robot Simulation II,Medium,,https://leetcode.com/problems/walking-robot-simulation-ii/
2070,Most Beautiful Item for Each Query,Medium,,https://leetcode.com/problems/most-beautiful-item-for-each-query/
2071,Maximum Number of Tasks You Can Assign,Hard,,https://leetcode.com/problems/maximum-number-of-tasks-you-can-assign/
2073,Time Needed to Buy Tickets,Easy,,https://leetcode.com/problems/time-needed-to-buy-tickets/
2074,Reverse Nodes in Even Length Groups,Medium,,https://leetcode.com/problems/reverse-nodes-in-even-length-groups/
2075,Decode the Slanted Ciphertext,Medium,,https://leetcode.com/problems/decode-the-slanted-ciphertext/
2076,Process Restricted Friend Requests,Hard,,https://leetcode.com/problems/process-restricted-friend-requests/
2078,Two Furthest Houses With Different Colors,Easy,,https://leetcode.com/problems/two-furthest-houses-with-different-colors/
2079,Watering Plants,Medium,,https://leetcode.com/problems/watering-plants/
2080,Range Frequency Queries,Medium,,https://leetcode.com/problems/range-frequency-queries/
2081,Sum of k-Mirror Numbers,Hard,,https://leetcode.com/problems/sum-of-k-mirror-numbers/
2085,Count Common Words With One Occurrence,Easy,,https://leetcode.com/problems/count-common-words-with-one-occurrence/
2086,Minimum Number of Food Buckets to Feed the Hamsters,Medium,,https://leetcode.com/problems/minimum-number-of-food-buckets-to-feed-the-hamsters/
2087,Minimum Cost Homecoming of a Robot in a Grid,Medium,,https://leetcode.com/problems/minimum-cost-homecoming-of-a-robot-in-a-grid/
2088,Count Fertile Pyramids in a Land,Hard,,https://leetcode.com/problems/count-fertile-pyramids-in-a-land/
2089,Find Target Indices After Sorting Array,Easy,,https://leetcode.com/problems/find-target-indices-after-sorting-array/
2090,K Radius Subarray Averages,Medium,,https://leetcode.com/problems/k-radius-subarray-averages/
2091,Removing Minimum and Maximum From Array,Medium,,https://leetcode.com/problems/removing-minimum-and-maximum-from-array/
2092,Find All People With Secret,Hard,,https://leetcode.com/problems/find-all-people-with-secret/
2094,Finding 3-Digit Even Numbers,Easy,,https://leetcode.com/problems/finding-3-digit-even-numbers/
2095,Delete the Middle Node of a Linked List,Medium,,https://leetcode.com/problems/delete-the-middle-node-of-a-linked-list/
2096,Step-By-Step Directions From a Binary Tree Node to Another,Medium,,https://leetcode.com/problems/step-by-step-directions-from-a-binary-tree-node-to-another/
2097,Valid Arrangement of Pairs,Hard,,https://leetcode.com/problems/valid-arrangement-of-pairs/
2099,Find Subsequence of Length K With the Largest Sum,Easy,,https://leetcode.com/problems/find-subsequence-of-length-k-with-the-largest-sum/
2100,Find Good Days to Rob the Bank,Medium,,https://leetcode.com/problems/find-good-days-to-rob-the-bank/
2101,Detonate the Maximum Bombs,Medium,,https://leetcode.com/problems/detonate-the-maximum-bombs/
2102,Sequentially Ordinal Rank Tracker,Hard,,https://leetcode.com/problems/sequentially-ordinal-rank-tracker/
2103,Rings and Rods,Easy,,https://leetcode.com/problems/rings-and-rods/
2104,Sum of Subarray Ranges,Medium,,https://leetcode.com/problems/sum-of-subarray-ranges/
2105,Watering Plants II,Medium,,https://leetcode.com/problems/watering-plants-ii/
2106,Maximum Fruits Harvested After at Most K Steps,Hard,,https://leetcode.com/problems/maximum-fruits-harvested-after-at-most-k-steps/
2108,Find First Palindromic String in the Array,Easy,,https://leetcode.com/problems/find-first-palindromic-string-in-the-array/
2109,Adding Spaces to a String,Medium,,https://leetcode.com/problems/adding-spaces-to-a-string/
2110,Number of Smooth Descent Periods of a Stock,Medium,,https://leetcode.com/problems/number-of-smooth-descent-periods-of-a-stock/
2111,Minimum Operations to Make the Array K-Increasing,Hard,,https://leetcode.com/problems/minimum-operations-to-make-the-array-k-increasing/
2114,Maximum Number of Words Found in Sentences,Easy,,https://leetcode.com/problems/maximum-number-of-words-found-in-sentences/
2115,Find All Possible Recipes from Given Supplies,Medium,,https://leetcode.com/problems/find-all-possible-recipes-from-given-supplies/
2116,Check if a Parentheses String Can Be Valid,Medium,,https://leetcode.com/problems/check-if-a-parentheses-string-can-be-valid/
2117,Abbreviating the Product of a Range,Hard,,https://leetcode.com/problems/abbreviating-the-product-of-a-range/
2119,A Number After a Double Reversal,Easy,,https://leetcode.com/problems/a-number-after-a-double-reversal/
2120,Execution of All Suffix Instructions Staying in a Grid,Medium,,https://leetcode.com/problems/execution-of-all-suffix-instructions-staying-in-a-grid/
2121,Intervals Between Identical Elements,Medium,,https://leetcode.com/problems/intervals-between-identical-elements/
2122,Recover the Original Array,Hard,,https://leetcode.com/problems/recover-the-original-array/
2124,Check if All A's Appears Before All B's,Easy,,https://leetcode.com/problems/check-if-all-as-appears-before-all-bs/
2125,Number of Laser Beams in a Bank,Medium,,https://leetcode.com/problems/number-of-laser-beams-in-a-bank/
2126,Destroying Asteroids,Medium,,https://leetcode.com/problems/destroying-asteroids/
2127,Maximum Employees to Be Invited to a Meeting,Hard,,https://leetcode.com/problems/maximum-employees-to-be-invited-to-a-meeting/
2129,Capitalize the Title,Easy,,https://leetcode.com/problems/capitalize-the-title/
2130,Maximum Twin Sum of a Linked List,Medium,,https://leetcode.com/problems/maximum-twin-sum-of-a-linked-list/
2131,Longest Palindrome by Concatenating Two Letter Words,Medium,,https://leetcode.com/problems/longest-palindrome-by-concatenating-two-letter-words/
2132,Stamping the Grid,Hard,,https://leetcode.com/problems/stamping-the-grid/
2133,Check if Every Row and Column Contains All Numbers,Easy,,https://leetcode.com/problems/check-if-every-row-and-column-contains-all-numbers/
2134,Minimum Swaps to Group All 1's Together II,Medium,,https://leetcode.com/problems/minimum-swaps-to-group-all-1s-together-ii/
2135,Count Words Obtained After Adding a Letter,Medium,,https://leetcode.com/problems/count-words-obtained-after-adding-a-letter/
2136,Earliest Possible Day of Full Bloom,Hard,,https://leetcode.com/problems/earliest-possible-day-of-full-bloom/
2138,Divide a String Into Groups of Size k,Easy,,https://leetcode.com/problems/divide-a-string-into-groups-of-size-k/
2139,Minimum Moves to Reach Target Score,Medium,,https://leetcode.com/problems/minimum-moves-to-reach-target-score/
2140,Solving Questions With Brainpower,Medium,,https://leetcode.com/problems/solving-questions-with-brainpower/
2141,Maximum Running Time of N Computers,Hard,,https://leetcode.com/problems/maximum-running-time-of-n-computers/
2144,Minimum Cost of Buying Candies With Discount,Easy,,https://leetcode.com/problems/minimum-cost-of-buying-candies-with-discount/
2145,Count the Hidden Sequences,Medium,,https://leetcode.com/problems/count-the-hidden-sequences/
2146,K Highest Ranked Items Within a Price Range,Medium,,https://leetcode.com/problems/k-highest-ranked-items-within-a-price-range/
2147,Number of Ways to Divide a Long Corridor,Hard,,https://leetcode.com/problems/number-of-ways-to-divide-a-long-corridor/
2148,Count Elements With Strictly Smaller and Greater Elements,Easy,,https://leetcode.com/problems/count-elements-with-strictly-smaller-and-greater-elements/
2149,Rearrange Array Elements by Sign,Medium,,https://leetcode.com/problems/rearrange-array-elements-by-sign/
2150,Find All Lonely Numbers in the Array,Medium,,https://leetcode.com/problems/find-all-lonely-numbers-in-the-array/
2151,Maximum Good People Based on Statements,Hard,,https://leetcode.com/problems/maximum-good-people-based-on-statements/
2154,Keep Multiplying Found Values by Two,Easy,,https://leetcode.com/problems/keep-multiplying-found-values-by-two/
2155,All Divisions With the Highest Score of a Binary Array,Medium,,https://leetcode.com/problems/all-divisions-with-the-highest-score-of-a-binary-array/
2156,Find Substring With Given Hash Value,Hard,,https://leetcode.com/problems/find-substring-with-given-hash-value/
2157,Groups of Strings,Hard,,https://leetcode.com/problems/groups-of-strings/
2160,Minimum Sum of Four Digit Number After Splitting Digits,Easy,,https://leetcode.com/problems/minimum-sum-of-four-digit-number-after-splitting-digits/
2161,Partition Array According to Given Pivot,Medium,,https://leetcode.com/problems/partition-array-according-to-given-pivot/
2162,Minimum Cost to Set Cooking Time,Medium,,https://leetcode.com/problems/minimum-cost-to-set-cooking-time/
2163,Minimum Difference in Sums After Removal of Elements,Hard,,https://leetcode.com/problems/minimum-difference-in-sums-after-removal-of-elements/
2164,Sort Even and Odd Indices Independently,Easy,,https://leetcode.com/problems/sort-even-and-odd-indices-independently/
2165,Smallest Value of the Rearranged Number,Medium,,https://leetcode.com/problems/smallest-value-of-the-rearranged-number/
2166,Design Bitset,Medium,,https://leetcode.com/problems/design-bitset/
2167,Minimum Time to Remove All Cars Containing Illegal Goods,Hard,,https://leetcode.com/problems/minimum-time-to-remove-all-cars-containing-illegal-goods/
2169,Count Operations to Obtain Zero,Easy,,https://leetcode.com/problems/count-operations-to-obtain-zero/
2170,Minimum Operations to Make the Array Alternating,Medium,,https://leetcode.com/problems/minimum-operations-to-make-the-array-alternating/
2171,Removing Minimum Number of Magic Beans,Medium,,https://leetcode.com/problems/removing-minimum-number-of-magic-beans/
2172,Maximum AND Sum of Array,Hard,,https://leetcode.com/problems/maximum-and-sum-of-array/
2176,Count Equal and Divisible Pairs in an Array,Easy,,https://leetcode.com/problems/count-equal-and-divisible-pairs-in-an-array/
2177,Find Three Consecutive Integers That Sum to a Given Number,Medium,,https://leetcode.com/problems/find-three-consecutive-integers-that-sum-to-a-given-number/
2178,Maximum Split of Positive Even Integers,Medium,,https://leetcode.com/problems/maximum-split-of-positive-even-integers/
2179,Count Good Triplets in an Array,Hard,,https://leetcode.com/problems/count-good-triplets-in-an-array/
2180,Count Integers With Even Digit Sum,Easy,,https://leetcode.com/problems/count-integers-with-even-digit-sum/
2181,Merge Nodes in Between Zeros,Medium,,https://leetcode.com/problems/merge-nodes-in-between-zeros/
2182,Construct String With Repeat Limit,Medium,,https://leetcode.com/problems/construct-string-with-repeat-limit/
2183,Count Array Pairs Divisible by K,Hard,,https://leetcode.com/problems/count-array-pairs-divisible-by-k/
2185,Counting Words With a Given Prefix,Easy,,https://leetcode.com/problems/counting-words-with-a-given-prefix/
2186,Minimum Number of Steps to Make Two Strings Anagram II,Medium,,https://leetcode.com/problems/minimum-number-of-steps-to-make-two-strings-anagram-ii/
2187,Minimum Time to Complete Trips,Medium,,https://leetcode.com/problems/minimum-time-to-complete-trips/
2188,Minimum Time to Finish the Race,Hard,,https://leetcode.com/problems/minimum-time-to-finish-the-race/
2190,Most Frequent Number Following Key In an Array,Easy,,https://leetcode.com/problems/most-frequent-number-following-key-in-an-array/
2191,Sort the Jumbled Numbers,Medium,,https://leetcode.com/problems/sort-the-jumbled-numbers/
2192,All Ancestors of a Node in a Directed Acyclic Graph,Medium,,https://leetcode.com/problems/all-ancestors-of-a-node-in-a-directed-acyclic-graph/
2193,Minimum Number of Moves to Make Palindrome,Hard,,https://leetcode.com/problems/minimum-number-of-moves-to-make-palindrome/
2194,Cells in a Range on an Excel Sheet,Easy,,https://leetcode.com/problems/cells-in-a-range-on-an-excel-sheet/
2195,Append K Integers With Minimal Sum,Medium,,https://leetcode.com/problems/append-k-integers-with-minimal-sum/
2196,Create Binary Tree From Descriptions,Medium,,https://leetcode.com/problems/create-binary-tree-from-descriptions/
2197,Replace Non-Coprime Numbers in Array,Hard,,https://leetcode.com/problems/replace-non-coprime-numbers-in-array/
2200,Find All K-Distant Indices in an Array,Easy,,https://leetcode.com/problems/find-all-k-distant-indices-in-an-array/
2201,Count Artifacts That Can Be Extracted,Medium,,https://leetcode.com/problems/count-artifacts-that-can-be-extracted/
2202,Maximize the Topmost Element After K Moves,Medium,,https://leetcode.com/problems/maximize-the-topmost-element-after-k-moves/
2203,Minimum Weighted Subgraph With the Required Paths,Hard,,https://leetcode.com/problems/minimum-weighted-subgraph-with-the-required-paths/
2206,Divide Array Into Equal Pairs,Easy,,https://leetcode.com/problems/divide-array-into-equal-pairs/
2207,Maximize Number of Subsequences in a String,Medium,,https://leetcode.com/problems/maximize-number-of-subsequences-in-a-string/
2208,Minimum Operations to Halve Array Sum,Medium,,https://leetcode.com/problems/minimum-operations-to-halve-array-sum/
2209,Minimum White Tiles After Covering With Carpets,Hard,,https://leetcode.com/problems/minimum-white-tiles-after-covering-with-carpets/
2210,Count Hills and Valleys in an Array,Easy,,https://leetcode.com/problems/count-hills-and-valleys-in-an-array/
2211,Count Collisions on a Road,Medium,,https://leetcode.com/problems/count-collisions-on-a-road/
2212,Maximum Points in an Archery Competition,Medium,,https://leetcode.com/problems/maximum-points-in-an-archery-competition/
2213,Longest Substring of One Repeating Character,Hard,,https://leetcode.com/problems/longest-substring-of-one-repeating-character/
2215,Find the Difference of Two Arrays,Easy,,https://leetcode.com/problems/find-the-difference-of-two-arrays/
2216,Minimum Deletions to Make Array Beautiful,Medium,,https://leetcode.com/problems/minimum-deletions-to-make-array-beautiful/
2217,Find Palindrome With Fixed Length,Medium,,https://leetcode.com/problems/find-palindrome-with-fixed-length/
2218,Maximum Value of K Coins From Piles,Hard,,https://leetcode.com/problems/maximum-value-of-k-coins-from-piles/
2220,Minimum Bit Flips to Convert Number,Easy,,https://leetcode.com/problems/minimum-bit-flips-to-convert-number/
2221,Find Triangular Sum of an Array,Medium,,https://leetcode.com/problems/find-triangular-sum-of-an-array/
2222,Number of Ways to Select Buildings,Medium,,https://leetcode.com/problems/number-of-ways-to-select-buildings/
2223,Sum of Scores of Built Strings,Hard,,https://leetcode.com/problems/sum-of-scores-of-built-strings/
2224,Minimum Number of Operations to Convert Time,Easy,,https://leetcode.com/problems/minimum-number-of-operations-to-convert-time/
2225,Find Players With Zero or One Losses,Medium,,https://leetcode.com/problems/find-players-with-zero-or-one-losses/
2226,Maximum Candies Allocated to K Children,Medium,,https://leetcode.com/problems/maximum-candies-allocated-to-k-children/
2227,Encrypt and Decrypt Strings,Hard,,https://leetcode.com/problems/encrypt-and-decrypt-strings/
2231,Largest Number After Digit Swaps by Parity,Easy,,https://leetcode.com/problems/largest-number-after-digit-swaps-by-parity/
2232,Minimize Result by Adding Parentheses to Expression,Medium,,https://leetcode.com/problems/minimize-result-by-adding-parentheses-to-expression/
2233,Maximum Product After K Increments,Medium,,https://leetcode.com/problems/maximum-product-after-k-increments/
2234,Maximum Total Beauty of the Gardens,Hard,,https://leetcode.com/problems/maximum-total-beauty-of-the-gardens/
2235,Add Two Integers,Easy,,https://leetcode.com/problems/add-two-integers/
2236,Root Equals Sum of Children,Easy,,https://leetcode.com/problems/root-equals-sum-of-children/
2239,Find Closest Number to Zero,Easy,,https://leetcode.com/problems/find-closest-number-to-zero/
2240,Number of Ways to Buy Pens and Pencils,Medium,,https://leetcode.com/problems/number-of-ways-to-buy-pens-and-pencils/
2241,Design an ATM Machine,Medium,,https://leetcode.com/problems/design-an-atm-machine/
2242,Maximum Score of a Node Sequence,Hard,,https://leetcode.com/problems/maximum-score-of-a-node-sequence/
2243,Calculate Digit Sum of a String,Easy,,https://leetcode.com/problems/calculate-digit-sum-of-a-string/
2244,Minimum Rounds to Complete All Tasks,Medium,,https://leetcode.com/problems/minimum-rounds-to-complete-all-tasks/
2245,Maximum Trailing Zeros in a Cornered Path,Medium,,https://leetcode.com/problems/maximum-trailing-zeros-in-a-cornered-path/
2246,Longest Path With Different Adjacent Characters,Hard,,https://leetcode.com/problems/longest-path-with-different-adjacent-characters/
2248,Intersection of Multiple Arrays,Easy,,https://leetcode.com/problems/intersection-of-multiple-arrays/
2249,Count Lattice Points Inside a Circle,Medium,,https://leetcode.com/problems/count-lattice-points-inside-a-circle/
2250,Count Number of Rectangles Containing Each Point,Medium,,https://leetcode.com/problems/count-number-of-rectangles-containing-each-point/
2251,Number of Flowers in Full Bloom,Hard,,https://leetcode.com/problems/number-of-flowers-in-full-bloom/
2255,Count Prefixes of a Given String,Easy,,https://leetcode.com/problems/count-prefixes-of-a-given-string/
2256,Minimum Average Difference,Medium,,https://leetcode.com/problems/minimum-average-difference/
2257,Count Unguarded Cells in the Grid,Medium,,https://leetcode.com/problems/count-unguarded-cells-in-the-grid/
2258,Escape the Spreading Fire,Hard,,https://leetcode.com/problems/escape-the-spreading-fire/
2259,Remove Digit From Number to Maximize Result,Easy,,https://leetcode.com/problems/remove-digit-from-number-to-maximize-result/
2260,Minimum Consecutive Cards to Pick Up,Medium,,https://leetcode.com/problems/minimum-consecutive-cards-to-pick-up/
2261,K Divisible Elements Subarrays,Medium,,https://leetcode.com/problems/k-divisible-elements-subarrays/
2262,Total Appeal of A String,Hard,,https://leetcode.com/problems/total-appeal-of-a-string/
2264,Largest 3-Same-Digit Number in String,Easy,,https://leetcode.com/problems/largest-3-same-digit-number-in-string/
2265,Count Nodes Equal to Average of Subtree,Medium,,https://leetcode.com/problems/count-nodes-equal-to-average-of-subtree/
2266,Count Number of Texts,Medium,,https://leetcode.com/problems/count-number-of-texts/
2267,Check if There Is a Valid Parentheses String Path,Hard,,https://leetcode.com/problems/check-if-there-is-a-valid-parentheses-string-path/
2269,Find the K-Beauty of a Number,Easy,,https://leetcode.com/problems/find-the-k-beauty-of-a-number/
2270,Number of Ways to Split Array,Medium,,https://leetcode.com/problems/number-of-ways-to-split-array/
2271,Maximum White Tiles Covered by a Carpet,Medium,,https://leetcode.com/problems/maximum-white-tiles-covered-by-a-carpet/
2272,Substring With Largest Variance,Hard,,https://leetcode.com/problems/substring-with-largest-variance/
2273,Find Resultant Array After Removing Anagrams,Easy,,https://leetcode.com/problems/find-resultant-array-after-removing-anagrams/
2274,Maximum Consecutive Floors Without Special Floors,Medium,,https://leetcode.com/problems/maximum-consecutive-floors-without-special-floors/
2275,Largest Combination With Bitwise AND Greater Than Zero,Medium,,https://leetcode.com/problems/largest-combination-with-bitwise-and-greater-than-zero/
2276,Count Integers in Intervals,Hard,,https://leetcode.com/problems/count-integers-in-intervals/
2278,Percentage of Letter in String,Easy,,https://leetcode.com/problems/percentage-of-letter-in-string/
2279,Maximum Bags With Full Capacity of Rocks,Medium,,https://leetcode.com/problems/maximum-bags-with-full-capacity-of-rocks/
2280,Minimum Lines to Represent a Line Chart,Medium,,https://leetcode.com/problems/minimum-lines-to-represent-a-line-chart/
2281,Sum of Total Strength of Wizards,Hard,,https://leetcode.com/problems/sum-of-total-strength-of-wizards/
2283,Check if Number Has Equal Digit Count and Digit Value,Easy,,https://leetcode.com/problems/check-if-number-has-equal-digit-count-and-digit-value/
2284,Sender With Largest Word Count,Medium,,https://leetcode.com/problems/sender-with-largest-word-count/
2285,Maximum Total Importance of Roads,Medium,,https://leetcode.com/problems/maximum-total-importance-of-roads/
2286,Booking Concert Tickets in Groups,Hard,,https://leetcode.com/problems/booking-concert-tickets-in-groups/
2287,Rearrange Characters to Make Target String,Easy,,https://leetcode.com/problems/rearrange-characters-to-make-target-string/
2288,Apply Discount to Prices,Medium,,https://leetcode.com/problems/apply-discount-to-prices/
2289,Steps to Make Array Non-decreasing,Medium,,https://leetcode.com/problems/steps-to-make-array-non-decreasing/
2290,Minimum Obstacle Removal to Reach Corner,Hard,,https://leetcode.com/problems/minimum-obstacle-removal-to-reach-corner/
2293,Min Max Game,Easy,,https://leetcode.com/problems/min-max-game/
2294,Partition Array Such That Maximum Difference Is K,Medium,,https://leetcode.com/problems/partition-array-such-that-maximum-difference-is-k/
2295,Replace Elements in an Array,Medium,,https://leetcode.com/problems/replace-elements-in-an-array/
2296,Design a Text Editor,Hard,,https://leetcode.com/problems/design-a-text-editor/
2299,Strong Password Checker II,Easy,,https://leetcode.com/problems/strong-password-checker-ii/
2300,Successful Pairs of Spells and Potions,Medium,,https://leetcode.com/problems/successful-pairs-of-spells-and-potions/
2301,Match Substring After Replacement,Hard,,https://leetcode.com/problems/match-substring-after-replacement/
2302,Count Subarrays With Score Less Than K,Hard,,https://leetcode.com/problems/count-subarrays-with-score-less-than-k/
2303,Calculate Amount Paid in Taxes,Easy,,https://leetcode.com/problems/calculate-amount-paid-in-taxes/
2304,Minimum Path Cost in a Grid,Medium,,https://leetcode.com/problems/minimum-path-cost-in-a-grid/
2305,Fair Distribution of Cookies,Medium,,https://leetcode.com/problems/fair-distribution-of-cookies/
2306,Naming a Company,Hard,,https://leetcode.com/problems/naming-a-company/
2309,Greatest English Letter in Upper and Lower Case,Easy,,https://leetcode.com/problems/greatest-english-letter-in-upper-and-lower-case/
2310,Sum of Numbers With Units Digit K,Medium,,https://leetcode.com/problems/sum-of-numbers-with-units-digit-k/
2311,Longest Binary Subsequence Less Than or Equal to K,Medium,,https://leetcode.com/problems/longest-binary-subsequence-less-than-or-equal-to-k/
2312,Selling Pieces of Wood,Hard,,https://leetcode.com/problems/selling-pieces-of-wood/
2315,Count Asterisks,Easy,,https://leetcode.com/problems/count-asterisks/
2316,Count Unreachable Pairs of Nodes in an Undirected Graph,Medium,,https://leetcode.com/problems/count-unreachable-pairs-of-nodes-in-an-undirected-graph/
2317,Maximum XOR After Operations,Medium,,https://leetcode.com/problems/maximum-xor-after-operations/
2318,Number of Distinct Roll Sequences,Hard,,https://leetcode.com/problems/number-of-distinct-roll-sequences/
2319,Check if Matrix Is X-Matrix,Easy,,https://leetcode.com/problems/check-if-matrix-is-x-matrix/
2320,Count Number of Ways to Place Houses,Medium,,https://leetcode.com/problems/count-number-of-ways-to-place-houses/
2321,Maximum Score Of Spliced Array,Hard,,https://leetcode.com/problems/maximum-score-of-spliced-array/
2322,Minimum Score After Removals on a Tree,Hard,,https://leetcode.com/problems/minimum-score-after-removals-on-a-tree/
2325,Decode the Message,Easy,,https://leetcode.com/problems/decode-the-message/
2326,Spiral Matrix IV,Medium,,https://leetcode.com/problems/spiral-matrix-iv/
2327,Number of People Aware of a Secret,Medium,,https://leetcode.com/problems/number-of-people-aware-of-a-secret/
2328,Number of Increasing Paths in a Grid,Hard,,https://leetcode.com/problems/number-of-increasing-paths-in-a-grid/
2331,Evaluate Boolean Binary Tree,Easy,,https://leetcode.com/problems/evaluate-boolean-binary-tree/
2332,The Latest Time to Catch a Bus,Medium,,https://leetcode.com/problems/the-latest-time-to-catch-a-bus/
2333,Minimum Sum of Squared Difference,Medium,,https://leetcode.com/problems/minimum-sum-of-squared-difference/
2334,Subarray With Elements Greater Than Varying Threshold,Hard,,https://leetcode.com/problems/subarray-with-elements-greater-than-varying-threshold/
2335,Minimum Amount of Time to Fill Cups,Easy,,https://leetcode.com/problems/minimum-amount-of-time-to-fill-cups/
2336,Smallest Number in Infinite Set,Medium,,https://leetcode.com/problems/smallest-number-in-infinite-set/
2337,Move Pieces to Obtain a String,Medium,,https://leetcode.com/problems/move-pieces-to-obtain-a-string/
2338,Count the Number of Ideal Arrays,Hard,,https://leetcode.com/problems/count-the-number-of-ideal-arrays/
2341,Maximum Number of Pairs in Array,Easy,,https://leetcode.com/problems/maximum-number-of-pairs-in-array/
2342,Max Sum of a Pair With Equal Sum of Digits,Medium,,https://leetcode.com/problems/max-sum-of-a-pair-with-equal-sum-of-digits/
2343,Query Kth Smallest Trimmed Number,Medium,,https://leetcode.com/problems/query-kth-smallest-trimmed-number/
2344,Minimum Deletions to Make Array Divisible,Hard,,https://leetcode.com/problems/minimum-deletions-to-make-array-divisible/
2347,Best Poker Hand,Easy,,https://leetcode.com/problems/best-poker-hand/
2348,Number of Zero-Filled Subarrays,Medium,,https://leetcode.com/problems/number-of-zero-filled-subarrays/
2349,Design a Number Container System,Medium,,https://leetcode.com/problems/design-a-number-container-system/
2350,Shortest Impossible Sequence of Rolls,Hard,,https://leetcode.com/problems/shortest-impossible-sequence-of-rolls/
2351,First Letter to Appear Twice,Easy,,https://leetcode.com/problems/first-letter-to-appear-twice/
2352,Equal Row and Column Pairs,Medium,,https://leetcode.com/problems/equal-row-and-column-pairs/
2353,Design a Food Rating System,Medium,,https://leetcode.com/problems/design-a-food-rating-system/
2354,Number of Excellent Pairs,Hard,,https://leetcode.com/problems/number-of-excellent-pairs/
2356,Number of Unique Subjects Taught by Each Teacher,Easy,,https://leetcode.com/problems/number-of-unique-subjects-taught-by-each-teacher/
2357,Make Array Zero by Subtracting Equal Amounts,Easy,,https://leetcode.com/problems/make-array-zero-by-subtracting-equal-amounts/
2358,Maximum Number of Groups Entering a Competition,Medium,,https://leetcode.com/problems/maximum-number-of-groups-entering-a-competition/
2359,Find Closest Node to Given Two Nodes,Medium,,https://leetcode.com/problems/find-closest-node-to-given-two-nodes/
2360,Longest Cycle in a Graph,Hard,,https://leetcode.com/problems/longest-cycle-in-a-graph/
2363,Merge Similar Items,Easy,,https://leetcode.com/problems/merge-similar-items/
2364,Count Number of Bad Pairs,Medium,,https://leetcode.com/problems/count-number-of-bad-pairs/
2365,Task Scheduler II,Medium,,https://leetcode.com/problems/task-scheduler-ii/
2366,Minimum Replacements to Sort the Array,Hard,,https://leetcode.com/problems/minimum-replacements-to-sort-the-array/
2367,Number of Arithmetic Triplets,Easy,,https://leetcode.com/problems/number-of-arithmetic-triplets/
2368,Reachable Nodes With Restrictions,Medium,,https://leetcode.com/problems/reachable-nodes-with-restrictions/
2369,Check if There is a Valid Partition For The Array,Medium,,https://leetcode.com/problems/check-if-there-is-a-valid-partition-for-the-array/
2370,Longest Ideal Subsequence,Medium,,https://leetcode.com/problems/longest-ideal-subsequence/
2373,Largest Local Values in a Matrix,Easy,,https://leetcode.com/problems/largest-local-values-in-a-matrix/
2374,Node With Highest Edge Score,Medium,,https://leetcode.com/problems/node-with-highest-edge-score/
2375,Construct Smallest Number From DI String,Medium,,https://leetcode.com/problems/construct-smallest-number-from-di-string/
2376,Count Special Integers,Hard,,https://leetcode.com/problems/count-special-integers/
2379,Minimum Recolors to Get K Consecutive Black Blocks,Easy,,https://leetcode.com/problems/minimum-recolors-to-get-k-consecutive-black-blocks/
2380,Time Needed to Rearrange a Binary String,Medium,,https://leetcode.com/problems/time-needed-to-rearrange-a-binary-string/
2381,Shifting Letters II,Medium,,https://leetcode.com/problems/shifting-letters-ii/
2382,Maximum Segment Sum After Removals,Hard,,https://leetcode.com/problems/maximum-segment-sum-after-removals/
2383,Minimum Hours of Training to Win a Competition,Easy,,https://leetcode.com/problems/minimum-hours-of-training-to-win-a-competition/
2384,Largest Palindromic Number,Medium,,https://leetcode.com/problems/largest-palindromic-number/
2385,Amount of Time for Binary Tree to Be Infected,Medium,,https://leetcode.com/problems/amount-of-time-for-binary-tree-to-be-infected/
2386,Find the K-Sum of an Array,Hard,,https://leetcode.com/problems/find-the-k-sum-of-an-array/
2389,Longest Subsequence With Limited Sum,Easy,,https://leetcode.com/problems/longest-subsequence-with-limited-sum/
2390,Removing Stars From a String,Medium,,https://leetcode.com/problems/removing-stars-from-a-string/
2391,Minimum Amount of Time to Collect Garbage,Medium,,https://leetcode.com/problems/minimum-amount-of-time-to-collect-garbage/
2392,Build a Matrix With Conditions,Hard,,https://leetcode.com/problems/build-a-matrix-with-conditions/
2395,Find Subarrays With Equal Sum,Easy,,https://leetcode.com/problems/find-subarrays-with-equal-sum/
2396,Strictly Palindromic Number,Medium,,https://leetcode.com/problems/strictly-palindromic-number/
2397,Maximum Rows Covered by Columns,Medium,,https://leetcode.com/problems/maximum-rows-covered-by-columns/
2398,Maximum Number of Robots Within Budget,Hard,,https://leetcode.com/problems/maximum-number-of-robots-within-budget/
2399,Check Distances Between Same Letters,Easy,,https://leetcode.com/problems/check-distances-between-same-letters/
2400,Number of Ways to Reach a Position After Exactly k Steps,Medium,,https://leetcode.com/problems/number-of-ways-to-reach-a-position-after-exactly-k-steps/
2401,Longest Nice Subarray,Medium,,https://leetcode.com/problems/longest-nice-subarray/
2402,Meeting Rooms III,Hard,,https://leetcode.com/problems/meeting-rooms-iii/
2404,Most Frequent Even Element,Easy,,https://leetcode.com/problems/most-frequent-even-element/
2405,Optimal Partition of String,Medium,,https://leetcode.com/problems/optimal-partition-of-string/
2406,Divide Intervals Into Minimum Number of Groups,Medium,,https://leetcode.com/problems/divide-intervals-into-minimum-number-of-groups/
2407,Longest Increasing Subsequence II,Hard,,https://leetcode.com/problems/longest-increasing-subsequence-ii/
2409,Count Days Spent Together,Easy,,https://leetcode.com/problems/count-days-spent-together/
2410,Maximum Matching of Players With Trainers,Medium,,https://leetcode.com/problems/maximum-matching-of-players-with-trainers/
2411,Smallest Subarrays With Maximum Bitwise OR,Medium,,https://leetcode.com/problems/smallest-subarrays-with-maximum-bitwise-or/
2412,Minimum Money Required Before Transactions,Hard,,https://leetcode.com/problems/minimum-money-required-before-transactions/
2413,Smallest Even Multiple,Easy,,https://leetcode.com/problems/smallest-even-multiple/
2414,Length of the Longest Alphabetical Continuous Substring,Medium,,https://leetcode.com/problems/length-of-the-longest-alphabetical-continuous-substring/
2415,Reverse Odd Levels of Binary Tree,Medium,,https://leetcode.com/problems/reverse-odd-levels-of-binary-tree/
2416,Sum of Prefix Scores of Strings,Hard,,https://leetcode.com/problems/sum-of-prefix-scores-of-strings/
2418,Sort the People,Easy,,https://leetcode.com/problems/sort-the-people/
2419,Longest Subarray With Maximum Bitwise AND,Medium,,https://leetcode.com/problems/longest-subarray-with-maximum-bitwise-and/
2420,Find All Good Indices,Medium,,https://leetcode.com/problems/find-all-good-indices/
2421,Number of Good Paths,Hard,,https://leetcode.com/problems/number-of-good-paths/
2423,Remove Letter To Equalize Frequency,Easy,,https://leetcode.com/problems/remove-letter-to-equalize-frequency/
2424,Longest Uploaded Prefix,Medium,,https://leetcode.com/problems/longest-uploaded-prefix/
2425,Bitwise XOR of All Pairings,Medium,,https://leetcode.com/problems/bitwise-xor-of-all-pairings/
2426,Number of Pairs Satisfying Inequality,Hard,,https://leetcode.com/problems/number-of-pairs-satisfying-inequality/
2427,Number of Common Factors,Easy,,https://leetcode.com/problems/number-of-common-factors/
2428,Maximum Sum of an Hourglass,Medium,,https://leetcode.com/problems/maximum-sum-of-an-hourglass/
2429,Minimize XOR,Medium,,https://leetcode.com/problems/minimize-xor/
2430,Maximum Deletions on a String,Hard,,https://leetcode.com/problems/maximum-deletions-on-a-string/
2432,The Employee That Worked on the Longest Task,Easy,,https://leetcode.com/problems/the-employee-that-worked-on-the-longest-task/
2433,Find The Original Array of Prefix Xor,Medium,,https://leetcode.com/problems/find-the-original-array-of-prefix-xor/
2434,Using a Robot to Print the Lexicographically Smallest String,Medium,,https://leetcode.com/problems/using-a-robot-to-print-the-lexicographically-smallest-string/
2435,Paths in Matrix Whose Sum Is Divisible by K,Hard,,https://leetcode.com/problems/paths-in-matrix-whose-sum-is-divisible-by-k/
2437,Number of Valid Clock Times,Easy,,https://leetcode.com/problems/number-of-valid-clock-times/
2438,Range Product Queries of Powers,Medium,,https://leetcode.com/problems/range-product-queries-of-powers/
2439,Minimize Maximum of Array,Medium,,https://leetcode.com/problems/minimize-maximum-of-array/
2440,Create Components With Same Value,Hard,,https://leetcode.com/problems/create-components-with-same-value/
2441,Largest Positive Integer That Exists With Its Negative,Easy,,https://leetcode.com/problems/largest-positive-integer-that-exists-with-its-negative/
2442,Count Number of Distinct Integers After Reverse Operations,Medium,,https://leetcode.com/problems/count-number-of-distinct-integers-after-reverse-operations/
2443,Sum of Number and Its Reverse,Medium,,https://leetcode.com/problems/sum-of-number-and-its-reverse/
2444,Count Subarrays With Fixed Bounds,Hard,,https://leetcode.com/problems/count-subarrays-with-fixed-bounds/
2446,Determine if Two Events Have Conflict,Easy,,https://leetcode.com/problems/determine-if-two-events-have-conflict/
2447,Number of Subarrays With GCD Equal to K,Medium,,https://leetcode.com/problems/number-of-subarrays-with-gcd-equal-to-k/
2448,Minimum Cost to Make Array Equal,Hard,,https://leetcode.com/problems/minimum-cost-to-make-array-equal/
2449,Minimum Number of Operations to Make Arrays Similar,Hard,,https://leetcode.com/problems/minimum-number-of-operations-to-make-arrays-similar/
2451,Odd String Difference,Easy,,https://leetcode.com/problems/odd-string-difference/
2452,Words Within Two Edits of Dictionary,Medium,,https://leetcode.com/problems/words-within-two-edits-of-dictionary/
2453,Destroy Sequential Targets,Medium,,https://leetcode.com/problems/destroy-sequential-targets/
2454,Next Greater Element IV,Hard,,https://leetcode.com/problems/next-greater-element-iv/
2455,Average Value of Even Numbers That Are Divisible by Three,Easy,,https://leetcode.com/problems/average-value-of-even-numbers-that-are-divisible-by-three/
2456,Most Popular Video Creator,Medium,,https://leetcode.com/problems/most-popular-video-creator/
2457,Minimum Addition to Make Integer Beautiful,Medium,,https://leetcode.com/problems/minimum-addition-to-make-integer-beautiful/
2458,Height of Binary Tree After Subtree Removal Queries,Hard,,https://leetcode.com/problems/height-of-binary-tree-after-subtree-removal-queries/
2460,Apply Operations to an Array,Easy,,https://leetcode.com/problems/apply-operations-to-an-array/
2461,Maximum Sum of Distinct Subarrays With Length K,Medium,,https://leetcode.com/problems/maximum-sum-of-distinct-subarrays-with-length-k/
2462,Total Cost to Hire K Workers,Medium,,https://leetcode.com/problems/total-cost-to-hire-k-workers/
2463,Minimum Total Distance Traveled,Hard,,https://leetcode.com/problems/minimum-total-distance-traveled/
2465,Number of Distinct Averages,Easy,,https://leetcode.com/problems/number-of-distinct-averages/
2466,Count Ways To Build Good Strings,Medium,,https://leetcode.com/problems/count-ways-to-build-good-strings/
2467,Most Profitable Path in a Tree,Medium,,https://leetcode.com/problems/most-profitable-path-in-a-tree/
2468,Split Message Based on Limit,Hard,,https://leetcode.com/problems/split-message-based-on-limit/
2469,Convert the Temperature,Easy,,https://leetcode.com/problems/convert-the-temperature/
2470,Number of Subarrays With LCM Equal to K,Medium,,https://leetcode.com/problems/number-of-subarrays-with-lcm-equal-to-k/
2471,Minimum Number of Operations to Sort a Binary Tree by Level,Medium,,https://leetcode.com/problems/minimum-number-of-operations-to-sort-a-binary-tree-by-level/
2472,Maximum Number of Non-overlapping Palindrome Substrings,Hard,,https://leetcode.com/problems/maximum-number-of-non-overlapping-palindrome-substrings/
2475,Number of Unequal Triplets in Array,Easy,,https://leetcode.com/problems/number-of-unequal-triplets-in-array/
2476,Closest Nodes Queries in a Binary Search Tree,Medium,,https://leetcode.com/problems/closest-nodes-queries-in-a-binary-search-tree/
2477,Minimum Fuel Cost to Report to the Capital,Medium,,https://leetcode.com/problems/minimum-fuel-cost-to-report-to-the-capital/
2478,Number of Beautiful Partitions,Hard,,https://leetcode.com/problems/number-of-beautiful-partitions/
2481,Minimum Cuts to Divide a Circle,Easy,,https://leetcode.com/problems/minimum-cuts-to-divide-a-circle/
2482,Difference Between Ones and Zeros in Row and Column,Medium,,https://leetcode.com/problems/difference-between-ones-and-zeros-in-row-and-column/
2483,Minimum Penalty for a Shop,Medium,,https://leetcode.com/problems/minimum-penalty-for-a-shop/
2484,Count Palindromic Subsequences,Hard,,https://leetcode.com/problems/count-palindromic-subsequences/
2485,Find the Pivot Integer,Easy,,https://leetcode.com/problems/find-the-pivot-integer/
2486,Append Characters to String to Make Subsequence,Medium,,https://leetcode.com/problems/append-characters-to-string-to-make-subsequence/
2487,Remove Nodes From Linked List,Medium,,https://leetcode.com/problems/remove-nodes-from-linked-list/
2488,Count Subarrays With Median K,Hard,,https://leetcode.com/problems/count-subarrays-with-median-k/
2490,Circular Sentence,Easy,,https://leetcode.com/problems/circular-sentence/
2491,Divide Players Into Teams of Equal Skill,Medium,,https://leetcode.com/problems/divide-players-into-teams-of-equal-skill/
2492,Minimum Score of a Path Between Two Cities,Medium,,https://leetcode.com/problems/minimum-score-of-a-path-between-two-cities/
2493,Divide Nodes Into the Maximum Number of Groups,Hard,,https://leetcode.com/problems/divide-nodes-into-the-maximum-number-of-groups/
2496,Maximum Value of a String in an Array,Easy,,https://leetcode.com/problems/maximum-value-of-a-string-in-an-array/
2497,Maximum Star Sum of a Graph,Medium,,https://leetcode.com/problems/maximum-star-sum-of-a-graph/
2498,Frog Jump II,Medium,,https://leetcode.com/problems/frog-jump-ii/
2499,Minimum Total Cost to Make Arrays Unequal,Hard,,https://leetcode.com/problems/minimum-total-cost-to-make-arrays-unequal/
2500,Delete Greatest Value in Each Row,Easy,,https://leetcode.com/problems/delete-greatest-value-in-each-row/
2501,Longest Square Streak in an Array,Medium,,https://leetcode.com/problems/longest-square-streak-in-an-array/
2502,Design Memory Allocator,Medium,,https://leetcode.com/problems/design-memory-allocator/
2503,Maximum Number of Points From Grid Queries,Hard,,https://leetcode.com/problems/maximum-number-of-points-from-grid-queries/
2506,Count Pairs Of Similar Strings,Easy,,https://leetcode.com/problems/count-pairs-of-similar-strings/
2507,Smallest Value After Replacing With Sum of Prime Factors,Medium,,https://leetcode.com/problems/smallest-value-after-replacing-with-sum-of-prime-factors/
2508,Add Edges to Make Degrees of All Nodes Even,Hard,,https://leetcode.com/problems/add-edges-to-make-degrees-of-all-nodes-even/
2509,Cycle Length Queries in a Tree,Hard,,https://leetcode.com/problems/cycle-length-queries-in-a-tree/
2511,Maximum Enemy Forts That Can Be Captured,Easy,,https://leetcode.com/problems/maximum-enemy-forts-that-can-be-captured/
2512,Reward Top K Students,Medium,,https://leetcode.com/problems/reward-top-k-students/
2513,Minimize the Maximum of Two Arrays,Medium,,https://leetcode.com/problems/minimize-the-maximum-of-two-arrays/
2514,Count Anagrams,Hard,,https://leetcode.com/problems/count-anagrams/
2515,Shortest Distance to Target String in a Circular Array,Easy,,https://leetcode.com/problems/shortest-distance-to-target-string-in-a-circular-array/
2516,Take K of Each Character From Left and Right,Medium,,https://leetcode.com/problems/take-k-of-each-character-from-left-and-right/
2517,Maximum Tastiness of Candy Basket,Medium,,https://leetcode.com/problems/maximum-tastiness-of-candy-basket/
2518,Number of Great Partitions,Hard,,https://leetcode.com/problems/number-of-great-partitions/
2520,Count the Digits That Divide a Number,Easy,,https://leetcode.com/problems/count-the-digits-that-divide-a-number/
2521,Distinct Prime Factors of Product of Array,Medium,,https://leetcode.com/problems/distinct-prime-factors-of-product-of-array/
2522,Partition String Into Substrings With Values at Most K,Medium,,https://leetcode.com/problems/partition-string-into-substrings-with-values-at-most-k/
2523,Closest Prime Numbers in Range,Medium,,https://leetcode.com/problems/closest-prime-numbers-in-range/
2525,Categorize Box According to Criteria,Easy,,https://leetcode.com/problems/categorize-box-according-to-criteria/
2526,Find Consecutive Integers from a Data Stream,Medium,,https://leetcode.com/problems/find-consecutive-integers-from-a-data-stream/
2527,Find Xor-Beauty of Array,Medium,,https://leetcode.com/problems/find-xor-beauty-of-array/
2528,Maximize the Minimum Powered City,Hard,,https://leetcode.com/problems/maximize-the-minimum-powered-city/
2529,Maximum Count of Positive Integer and Negative Integer,Easy,,https://leetcode.com/problems/maximum-count-of-positive-integer-and-negative-integer/
2530,Maximal Score After Applying K Operations,Medium,,https://leetcode.com/problems/maximal-score-after-applying-k-operations/
2531,Make Number of Distinct Characters Equal,Medium,,https://leetcode.com/problems/make-number-of-distinct-characters-equal/
2532,Time to Cross a Bridge,Hard,,https://leetcode.com/problems/time-to-cross-a-bridge/
2535,Difference Between Element Sum and Digit Sum of an Array,Easy,,https://leetcode.com/problems/difference-between-element-sum-and-digit-sum-of-an-array/
2536,Increment Submatrices by One,Medium,,https://leetcode.com/problems/increment-submatrices-by-one/
2537,Count the Number of Good Subarrays,Medium,,https://leetcode.com/problems/count-the-number-of-good-subarrays/
2538,Difference Between Maximum and Minimum Price Sum,Hard,,https://leetcode.com/problems/difference-between-maximum-and-minimum-price-sum/
2540,Minimum Common Value,Easy,,https://leetcode.com/problems/minimum-common-value/
2541,Minimum Operations to Make Array Equal II,Medium,,https://leetcode.com/problems/minimum-operations-to-make-array-equal-ii/
2542,Maximum Subsequence Score,Medium,,https://leetcode.com/problems/maximum-subsequence-score/
2543,Check if Point Is Reachable,Hard,,https://leetcode.com/problems/check-if-point-is-reachable/
2544,Alternating Digit Sum,Easy,,https://leetcode.com/problems/alternating-digit-sum/
2545,Sort the Students by Their Kth Score,Medium,,https://leetcode.com/problems/sort-the-students-by-their-kth-score/
2546,Apply Bitwise Operations to Make Strings Equal,Medium,,https://leetcode.com/problems/apply-bitwise-operations-to-make-strings-equal/
2547,Minimum Cost to Split an Array,Hard,,https://leetcode.com/problems/minimum-cost-to-split-an-array/
2549,Count Distinct Numbers on Board,Easy,,https://leetcode.com/problems/count-distinct-numbers-on-board/
2550,Count Collisions of Monkeys on a Polygon,Medium,,https://leetcode.com/problems/count-collisions-of-monkeys-on-a-polygon/
2551,Put Marbles in Bags,Hard,,https://leetcode.com/problems/put-marbles-in-bags/
2552,Count Increasing Quadruplets,Hard,,https://leetcode.com/problems/count-increasing-quadruplets/
2553,Separate the Digits in an Array,Easy,,https://leetcode.com/problems/separate-the-digits-in-an-array/
2554,Maximum Number of Integers to Choose From a Range I,Medium,,https://leetcode.com/problems/maximum-number-of-integers-to-choose-from-a-range-i/
2555,Maximize Win From Two Segments,Medium,,https://leetcode.com/problems/maximize-win-from-two-segments/
2556,Disconnect Path in a Binary Matrix by at Most One Flip,Medium,,https://leetcode.com/problems/disconnect-path-in-a-binary-matrix-by-at-most-one-flip/
2558,Take Gifts From the Richest Pile,Easy,,https://leetcode.com/problems/take-gifts-from-the-richest-pile/
2559,Count Vowel Strings in Ranges,Medium,,https://leetcode.com/problems/count-vowel-strings-in-ranges/
2560,House Robber IV,Medium,,https://leetcode.com/problems/house-robber-iv/
2561,Rearranging Fruits,Hard,,https://leetcode.com/problems/rearranging-fruits/
2562,Find the Array Concatenation Value,Easy,,https://leetcode.com/problems/find-the-array-concatenation-value/
2563,Count the Number of Fair Pairs,Medium,,https://leetcode.com/problems/count-the-number-of-fair-pairs/
2564,Substring XOR Queries,Medium,,https://leetcode.com/problems/substring-xor-queries/
2565,Subsequence With the Minimum Score,Hard,,https://leetcode.com/problems/subsequence-with-the-minimum-score/
2566,Maximum Difference by Remapping a Digit,Easy,,https://leetcode.com/problems/maximum-difference-by-remapping-a-digit/
2567,Minimum Score by Changing Two Elements,Medium,,https://leetcode.com/problems/minimum-score-by-changing-two-elements/
2568,Minimum Impossible OR,Medium,,https://leetcode.com/problems/minimum-impossible-or/
2569,Handling Sum Queries After Update,Hard,,https://leetcode.com/problems/handling-sum-queries-after-update/
2570,Merge Two 2D Arrays by Summing Values,Easy,,https://leetcode.com/problems/merge-two-2d-arrays-by-summing-values/
2571,Minimum Operations to Reduce an Integer to 0,Medium,,https://leetcode.com/problems/minimum-operations-to-reduce-an-integer-to-0/
2572,Count the Number of Square-Free Subsets,Medium,,https://leetcode.com/problems/count-the-number-of-square-free-subsets/
2573,Find the String with LCP,Hard,,https://leetcode.com/problems/find-the-string-with-lcp/
2574,Left and Right Sum Differences,Easy,,https://leetcode.com/problems/left-and-right-sum-differences/
2575,Find the Divisibility Array of a String,Medium,,https://leetcode.com/problems/find-the-divisibility-array-of-a-string/
2576,Find the Maximum Number of Marked Indices,Medium,,https://leetcode.com/problems/find-the-maximum-number-of-marked-indices/
2577,Minimum Time to Visit a Cell In a Grid,Hard,,https://leetcode.com/problems/minimum-time-to-visit-a-cell-in-a-grid/
2578,Split With Minimum Sum,Easy,,https://leetcode.com/problems/split-with-minimum-sum/
2579,Count Total Number of Colored Cells,Medium,,https://leetcode.com/problems/count-total-number-of-colored-cells/
2580,Count Ways to Group Overlapping Ranges,Medium,,https://leetcode.com/problems/count-ways-to-group-overlapping-ranges/
2581,Count Number of Possible Root Nodes,Hard,,https://leetcode.com/problems/count-number-of-possible-root-nodes/
2582,Pass the Pillow,Easy,,https://leetcode.com/problems/pass-the-pillow/
2583,Kth Largest Sum in a Binary Tree,Medium,,https://leetcode.com/problems/kth-largest-sum-in-a-binary-tree/
2584,Split the Array to Make Coprime Products,Hard,,https://leetcode.com/problems/split-the-array-to-make-coprime-products/
2585,Number of Ways to Earn Points,Hard,,https://leetcode.com/problems/number-of-ways-to-earn-points/
2586,Count the Number of Vowel Strings in Range,Easy,,https://leetcode.com/problems/count-the-number-of-vowel-strings-in-range/
2587,Rearrange Array to Maximize Prefix Score,Medium,,https://leetcode.com/problems/rearrange-array-to-maximize-prefix-score/
2588,Count the Number of Beautiful Subarrays,Medium,,https://leetcode.com/problems/count-the-number-of-beautiful-subarrays/
2589,Minimum Time to Complete All Tasks,Hard,,https://leetcode.com/problems/minimum-time-to-complete-all-tasks/
2591,Distribute Money to Maximum Children,Easy,,https://leetcode.com/problems/distribute-money-to-maximum-children/
2592,Maximize Greatness of an Array,Medium,,https://leetcode.com/problems/maximize-greatness-of-an-array/
2593,Find Score of an Array After Marking All Elements,Medium,,https://leetcode.com/problems/find-score-of-an-array-after-marking-all-elements/
2594,Minimum Time to Repair Cars,Medium,,https://leetcode.com/problems/minimum-time-to-repair-cars/
2595,Number of Even and Odd Bits,Easy,,https://leetcode.com/problems/number-of-even-and-odd-bits/
2596,Check Knight Tour Configuration,Medium,,https://leetcode.com/problems/check-knight-tour-configuration/
2597,The Number of Beautiful Subsets,Medium,,https://leetcode.com/problems/the-number-of-beautiful-subsets/
2598,Smallest Missing Non-negative Integer After Operations,Medium,,https://leetcode.com/problems/smallest-missing-non-negative-integer-after-operations/
2600,K Items With the Maximum Sum,Easy,,https://leetcode.com/problems/k-items-with-the-maximum-sum/
2601,Prime Subtraction Operation,Medium,,https://leetcode.com/problems/prime-subtraction-operation/
2602,Minimum Operations to Make All Array Elements Equal,Medium,,https://leetcode.com/problems/minimum-operations-to-make-all-array-elements-equal/
2603,Collect Coins in a Tree,Hard,,https://leetcode.com/problems/collect-coins-in-a-tree/
2605,Form Smallest Number From Two Digit Arrays,Easy,,https://leetcode.com/problems/form-smallest-number-from-two-digit-arrays/
2606,Find the Substring With Maximum Cost,Medium,,https://leetcode.com/problems/find-the-substring-with-maximum-cost/
2607,Make K-Subarray Sums Equal,Medium,,https://leetcode.com/problems/make-k-subarray-sums-equal/
2608,Shortest Cycle in a Graph,Hard,,https://leetcode.com/problems/shortest-cycle-in-a-graph/
2609,Find the Longest Balanced Substring of a Binary String,Easy,,https://leetcode.com/problems/find-the-longest-balanced-substring-of-a-binary-string/
2610,Convert an Array Into a 2D Array With Conditions,Medium,,https://leetcode.com/problems/convert-an-array-into-a-2d-array-with-conditions/
2611,Mice and Cheese,Medium,,https://leetcode.com/problems/mice-and-cheese/
2612,Minimum Reverse Operations,Hard,,https://leetcode.com/problems/minimum-reverse-operations/
2614,Prime In Diagonal,Easy,,https://leetcode.com/problems/prime-in-diagonal/
2615,Sum of Distances,Medium,,https://leetcode.com/problems/sum-of-distances/
2616,Minimize the Maximum Difference of Pairs,Medium,,https://leetcode.com/problems/minimize-the-maximum-difference-of-pairs/
2617,Minimum Number of Visited Cells in a Grid,Hard,,https://leetcode.com/problems/minimum-number-of-visited-cells-in-a-grid/
2618,Check if Object Instance of Class,Medium,,https://leetcode.com/problems/check-if-object-instance-of-class/
2619,Array Prototype Last,Easy,,https://leetcode.com/problems/array-prototype-last/
2620,Counter,Easy,,https://leetcode.com/problems/counter/
2621,Sleep,Easy,,https://leetcode.com/problems/sleep/
2622,Cache With Time Limit,Medium,,https://leetcode.com/problems/cache-with-time-limit/
2623,Memoize,Medium,,https://leetcode.com/problems/memoize/
2624,Snail Traversal,Medium,,https://leetcode.com/problems/snail-traversal/
2625,Flatten Deeply Nested Array,Medium,,https://leetcode.com/problems/flatten-deeply-nested-array/
2626,Array Reduce Transformation,Easy,,https://leetcode.com/problems/array-reduce-transformation/
2627,Debounce,Medium,,https://leetcode.com/problems/debounce/
2629,Function Composition,Easy,,https://leetcode.com/problems/function-composition/
2630,Memoize II,Hard,,https://leetcode.com/problems/memoize-ii/
2631,Group By,Medium,,https://leetcode.com/problems/group-by/
2634,Filter Elements from Array,Easy,,https://leetcode.com/problems/filter-elements-from-array/
2635,Apply Transform Over Each Element in Array,Easy,,https://leetcode.com/problems/apply-transform-over-each-element-in-array/
2637,Promise Time Limit,Medium,,https://leetcode.com/problems/promise-time-limit/
2639,Find the Width of Columns of a Grid,Easy,,https://leetcode.com/problems/find-the-width-of-columns-of-a-grid/
2640,Find the Score of All Prefixes of an Array,Medium,,https://leetcode.com/problems/find-the-score-of-all-prefixes-of-an-array/
2641,Cousins in Binary Tree II,Medium,,https://leetcode.com/problems/cousins-in-binary-tree-ii/
2642,Design Graph With Shortest Path Calculator,Hard,,https://leetcode.com/problems/design-graph-with-shortest-path-calculator/
2643,Row With Maximum Ones,Easy,,https://leetcode.com/problems/row-with-maximum-ones/
2644,Find the Maximum Divisibility Score,Easy,,https://leetcode.com/problems/find-the-maximum-divisibility-score/
2645,Minimum Additions to Make Valid String,Medium,,https://leetcode.com/problems/minimum-additions-to-make-valid-string/
2646,Minimize the Total Price of the Trips,Hard,,https://leetcode.com/problems/minimize-the-total-price-of-the-trips/
2648,Generate Fibonacci Sequence,Easy,,https://leetcode.com/problems/generate-fibonacci-sequence/
2649,Nested Array Generator,Medium,,https://leetcode.com/problems/nested-array-generator/
2650,Design Cancellable Function,Hard,,https://leetcode.com/problems/design-cancellable-function/
2651,Calculate Delayed Arrival Time,Easy,,https://leetcode.com/problems/calculate-delayed-arrival-time/
2652,Sum Multiples,Easy,,https://leetcode.com/problems/sum-multiples/
2653,Sliding Subarray Beauty,Medium,,https://leetcode.com/problems/sliding-subarray-beauty/
2654,Minimum Number of Operations to Make All Array Elements Equal to 1,Medium,,https://leetcode.com/problems/minimum-number-of-operations-to-make-all-array-elements-equal-to-1/
2656,Maximum Sum With Exactly K Elements,Easy,,https://leetcode.com/problems/maximum-sum-with-exactly-k-elements/
2657,Find the Prefix Common Array of Two Arrays,Medium,,https://leetcode.com/problems/find-the-prefix-common-array-of-two-arrays/
2658,Maximum Number of Fish in a Grid,Medium,,https://leetcode.com/problems/maximum-number-of-fish-in-a-grid/
2659,Make Array Empty,Hard,,https://leetcode.com/problems/make-array-empty/
2660,Determine the Winner of a Bowling Game,Easy,,https://leetcode.com/problems/determine-the-winner-of-a-bowling-game/
2661,First Completely Painted Row or Column,Medium,,https://leetcode.com/problems/first-completely-painted-row-or-column/
2662,Minimum Cost of a Path With Special Roads,Medium,,https://leetcode.com/problems/minimum-cost-of-a-path-with-special-roads/
2663,Lexicographically Smallest Beautiful String,Hard,,https://leetcode.com/problems/lexicographically-smallest-beautiful-string/
2665,Counter II,Easy,,https://leetcode.com/problems/counter-ii/
2666,Allow One Function Call,Easy,,https://leetcode.com/problems/allow-one-function-call/
2667,Create Hello World Function,Easy,,https://leetcode.com/problems/create-hello-world-function/
2670,Find the Distinct Difference Array,Easy,,https://leetcode.com/problems/find-the-distinct-difference-array/
2671,Frequency Tracker,Medium,,https://leetcode.com/problems/frequency-tracker/
2672,Number of Adjacent Elements With the Same Color,Medium,,https://leetcode.com/problems/number-of-adjacent-elements-with-the-same-color/
2673,Make Costs of Paths Equal in a Binary Tree,Medium,,https://leetcode.com/problems/make-costs-of-paths-equal-in-a-binary-tree/
2677,Chunk Array,Easy,,https://leetcode.com/problems/chunk-array/
2678,Number of Senior Citizens,Easy,,https://leetcode.com/problems/number-of-senior-citizens/
2679,Sum in a Matrix,Medium,,https://leetcode.com/problems/sum-in-a-matrix/
2680,Maximum OR,Medium,,https://leetcode.com/problems/maximum-or/
2681,Power of Heroes,Hard,,https://leetcode.com/problems/power-of-heroes/
2682,Find the Losers of the Circular Game,Easy,,https://leetcode.com/problems/find-the-losers-of-the-circular-game/
2683,Neighboring Bitwise XOR,Medium,,https://leetcode.com/problems/neighboring-bitwise-xor/
2684,Maximum Number of Moves in a Grid,Medium,,https://leetcode.com/problems/maximum-number-of-moves-in-a-grid/
2685,Count the Number of Complete Components,Medium,,https://leetcode.com/problems/count-the-number-of-complete-components/
2693,Call Function with Custom Context,Medium,,https://leetcode.com/problems/call-function-with-custom-context/
2694,Event Emitter,Medium,,https://leetcode.com/problems/event-emitter/
2695,Array Wrapper,Easy,,https://leetcode.com/problems/array-wrapper/
2696,Minimum String Length After Removing Substrings,Easy,,https://leetcode.com/problems/minimum-string-length-after-removing-substrings/
2697,Lexicographically Smallest Palindrome,Easy,,https://leetcode.com/problems/lexicographically-smallest-palindrome/
2698,Find the Punishment Number of an Integer,Medium,,https://leetcode.com/problems/find-the-punishment-number-of-an-integer/
2699,Modify Graph Edge Weights,Hard,,https://leetcode.com/problems/modify-graph-edge-weights/
2703,Return Length of Arguments Passed,Easy,,https://leetcode.com/problems/return-length-of-arguments-passed/
2704,To Be Or Not To Be,Easy,,https://leetcode.com/problems/to-be-or-not-to-be/
2705,Compact Object,Medium,,https://leetcode.com/problems/compact-object/
2706,Buy Two Chocolates,Easy,,https://leetcode.com/problems/buy-two-chocolates/
2707,Extra Characters in a String,Medium,,https://leetcode.com/problems/extra-characters-in-a-string/
2708,Maximum Strength of a Group,Medium,,https://leetcode.com/problems/maximum-strength-of-a-group/
2709,Greatest Common Divisor Traversal,Hard,,https://leetcode.com/problems/greatest-common-divisor-traversal/
2710,Remove Trailing Zeros From a String,Easy,,https://leetcode.com/problems/remove-trailing-zeros-from-a-string/
2711,Difference of Number of Distinct Values on Diagonals,Medium,,https://leetcode.com/problems/difference-of-number-of-distinct-values-on-diagonals/
2712,Minimum Cost to Make All Characters Equal,Medium,,https://leetcode.com/problems/minimum-cost-to-make-all-characters-equal/
2713,Maximum Strictly Increasing Cells in a Matrix,Hard,,https://leetcode.com/problems/maximum-strictly-increasing-cells-in-a-matrix/
2715,Timeout Cancellation,Easy,,https://leetcode.com/problems/timeout-cancellation/
2716,Minimize String Length,Easy,,https://leetcode.com/problems/minimize-string-length/
2717,Semi-Ordered Permutation,Easy,,https://leetcode.com/problems/semi-ordered-permutation/
2718,Sum of Matrix After Queries,Medium,,https://leetcode.com/problems/sum-of-matrix-after-queries/
2719,Count of Integers,Hard,,https://leetcode.com/problems/count-of-integers/
2721,Execute Asynchronous Functions in Parallel,Medium,,https://leetcode.com/problems/execute-asynchronous-functions-in-parallel/
2722,Join Two Arrays by ID,Medium,,https://leetcode.com/problems/join-two-arrays-by-id/
2723,Add Two Promises,Easy,,https://leetcode.com/problems/add-two-promises/
2724,Sort By,Easy,,https://leetcode.com/problems/sort-by/
2725,Interval Cancellation,Easy,,https://leetcode.com/problems/interval-cancellation/
2726,Calculator with Method Chaining,Easy,,https://leetcode.com/problems/calculator-with-method-chaining/
2727,Is Object Empty,Easy,,https://leetcode.com/problems/is-object-empty/
2729,Check if The Number is Fascinating,Easy,,https://leetcode.com/problems/check-if-the-number-is-fascinating/
2730,Find the Longest Semi-Repetitive Substring,Medium,,https://leetcode.com/problems/find-the-longest-semi-repetitive-substring/
2731,Movement of Robots,Medium,,https://leetcode.com/problems/movement-of-robots/
2732,Find a Good Subset of the Matrix,Hard,,https://leetcode.com/problems/find-a-good-subset-of-the-matrix/
2733,Neither Minimum nor Maximum,Easy,,https://leetcode.com/problems/neither-minimum-nor-maximum/
2734,Lexicographically Smallest String After Substring Operation,Medium,,https://leetcode.com/problems/lexicographically-smallest-string-after-substring-operation/
2735,Collecting Chocolates,Medium,,https://leetcode.com/problems/collecting-chocolates/
2736,Maximum Sum Queries,Hard,,https://leetcode.com/problems/maximum-sum-queries/
2739,Total Distance Traveled,Easy,,https://leetcode.com/problems/total-distance-traveled/
2740,Find the Value of the Partition,Medium,,https://leetcode.com/problems/find-the-value-of-the-partition/
2741,Special Permutations,Medium,,https://leetcode.com/problems/special-permutations/
2742,Painting the Walls,Hard,,https://leetcode.com/problems/painting-the-walls/
2744,Find Maximum Number of String Pairs,Easy,,https://leetcode.com/problems/find-maximum-number-of-string-pairs/
2745,Construct the Longest New String,Medium,,https://leetcode.com/problems/construct-the-longest-new-string/
2746,Decremental String Concatenation,Medium,,https://leetcode.com/problems/decremental-string-concatenation/
2747,Count Zero Request Servers,Medium,,https://leetcode.com/problems/count-zero-request-servers/
2748,Number of Beautiful Pairs,Easy,,https://leetcode.com/problems/number-of-beautiful-pairs/
2749,Minimum Operations to Make the Integer Zero,Medium,,https://leetcode.com/problems/minimum-operations-to-make-the-integer-zero/
2750,Ways to Split Array Into Good Subarrays,Medium,,https://leetcode.com/problems/ways-to-split-array-into-good-subarrays/
2751,Robot Collisions,Hard,,https://leetcode.com/problems/robot-collisions/
2760,Longest Even Odd Subarray With Threshold,Easy,,https://leetcode.com/problems/longest-even-odd-subarray-with-threshold/
2761,Prime Pairs With Target Sum,Medium,,https://leetcode.com/problems/prime-pairs-with-target-sum/
2762,Continuous Subarrays,Medium,,https://leetcode.com/problems/continuous-subarrays/
2763,Sum of Imbalance Numbers of All Subarrays,Hard,,https://leetcode.com/problems/sum-of-imbalance-numbers-of-all-subarrays/
2765,Longest Alternating Subarray,Easy,,https://leetcode.com/problems/longest-alternating-subarray/
2766,Relocate Marbles,Medium,,https://leetcode.com/problems/relocate-marbles/
2767,Partition String Into Minimum Beautiful Substrings,Medium,,https://leetcode.com/problems/partition-string-into-minimum-beautiful-substrings/
2768,Number of Black Blocks,Medium,,https://leetcode.com/problems/number-of-black-blocks/
2769,Find the Maximum Achievable Number,Easy,,https://leetcode.com/problems/find-the-maximum-achievable-number/
2770,Maximum Number of Jumps to Reach the Last Index,Medium,,https://leetcode.com/problems/maximum-number-of-jumps-to-reach-the-last-index/
2771,Longest Non-decreasing Subarray From Two Arrays,Medium,,https://leetcode.com/problems/longest-non-decreasing-subarray-from-two-arrays/
2772,Apply Operations to Make All Array Elements Equal to Zero,Medium,,https://leetcode.com/problems/apply-operations-to-make-all-array-elements-equal-to-zero/
2778,Sum of Squares of Special Elements,Easy,,https://leetcode.com/problems/sum-of-squares-of-special-elements/
2779,Maximum Beauty of an Array After Applying Operation,Medium,,https://leetcode.com/problems/maximum-beauty-of-an-array-after-applying-operation/
2780,Minimum Index of a Valid Split,Medium,,https://leetcode.com/problems/minimum-index-of-a-valid-split/
2781,Length of the Longest Valid Substring,Hard,,https://leetcode.com/problems/length-of-the-longest-valid-substring/
2784,Check if Array is Good,Easy,,https://leetcode.com/problems/check-if-array-is-good/
2785,Sort Vowels in a String,Medium,,https://leetcode.com/problems/sort-vowels-in-a-string/
2786,Visit Array Positions to Maximize Score,Medium,,https://leetcode.com/problems/visit-array-positions-to-maximize-score/
2787,Ways to Express an Integer as Sum of Powers,Medium,,https://leetcode.com/problems/ways-to-express-an-integer-as-sum-of-powers/
2788,Split Strings by Separator,Easy,,https://leetcode.com/problems/split-strings-by-separator/
2789,Largest Element in an Array after Merge Operations,Medium,,https://leetcode.com/problems/largest-element-in-an-array-after-merge-operations/
2790,Maximum Number of Groups With Increasing Length,Hard,,https://leetcode.com/problems/maximum-number-of-groups-with-increasing-length/
2791,Count Paths That Can Form a Palindrome in a Tree,Hard,,https://leetcode.com/problems/count-paths-that-can-form-a-palindrome-in-a-tree/
2798,Number of Employees Who Met the Target,Easy,,https://leetcode.com/problems/number-of-employees-who-met-the-target/
2799,Count Complete Subarrays in an Array,Medium,,https://leetcode.com/problems/count-complete-subarrays-in-an-array/
2800,Shortest String That Contains Three Strings,Medium,,https://leetcode.com/problems/shortest-string-that-contains-three-strings/
2801,Count Stepping Numbers in Range,Hard,,https://leetcode.com/problems/count-stepping-numbers-in-range/
2806,Account Balance After Rounded Purchase,Easy,,https://leetcode.com/problems/account-balance-after-rounded-purchase/
2807,Insert Greatest Common Divisors in Linked List,Medium,,https://leetcode.com/problems/insert-greatest-common-divisors-in-linked-list/
2808,Minimum Seconds to Equalize a Circular Array,Medium,,https://leetcode.com/problems/minimum-seconds-to-equalize-a-circular-array/
2809,Minimum Time to Make Array Sum At Most x,Hard,,https://leetcode.com/problems/minimum-time-to-make-array-sum-at-most-x/
2810,Faulty Keyboard,Easy,,https://leetcode.com/problems/faulty-keyboard/
2811,Check if it is Possible to Split Array,Medium,,https://leetcode.com/problems/check-if-it-is-possible-to-split-array/
2812,Find the Safest Path in a Grid,Medium,,https://leetcode.com/problems/find-the-safest-path-in-a-grid/
2813,Maximum Elegance of a K-Length Subsequence,Hard,,https://leetcode.com/problems/maximum-elegance-of-a-k-length-subsequence/
2815,Max Pair Sum in an Array,Easy,,https://leetcode.com/problems/max-pair-sum-in-an-array/
2816,Double a Number Represented as a Linked List,Medium,,https://leetcode.com/problems/double-a-number-represented-as-a-linked-list/
2817,Minimum Absolute Difference Between Elements With Constraint,Medium,,https://leetcode.com/problems/minimum-absolute-difference-between-elements-with-constraint/
2818,Apply Operations to Maximize Score,Hard,,https://leetcode.com/problems/apply-operations-to-maximize-score/
2824,Count Pairs Whose Sum is Less than Target,Easy,,https://leetcode.com/problems/count-pairs-whose-sum-is-less-than-target/
2825,Make String a Subsequence Using Cyclic Increments,Medium,,https://leetcode.com/problems/make-string-a-subsequence-using-cyclic-increments/
2826,Sorting Three Groups,Medium,,https://leetcode.com/problems/sorting-three-groups/
2827,Number of Beautiful Integers in the Range,Hard,,https://leetcode.com/problems/number-of-beautiful-integers-in-the-range/
2828,Check if a String Is an Acronym of Words,Easy,,https://leetcode.com/problems/check-if-a-string-is-an-acronym-of-words/
2829,Determine the Minimum Sum of a k-avoiding Array,Medium,,https://leetcode.com/problems/determine-the-minimum-sum-of-a-k-avoiding-array/
2830,Maximize the Profit as the Salesman,Medium,,https://leetcode.com/problems/maximize-the-profit-as-the-salesman/
2831,Find the Longest Equal Subarray,Medium,,https://leetcode.com/problems/find-the-longest-equal-subarray/
2833,Furthest Point From Origin,Easy,,https://leetcode.com/problems/furthest-point-from-origin/
2834,Find the Minimum Possible Sum of a Beautiful Array,Medium,,https://leetcode.com/problems/find-the-minimum-possible-sum-of-a-beautiful-array/
2835,Minimum Operations to Form Subsequence With Target Sum,Hard,,https://leetcode.com/problems/minimum-operations-to-form-subsequence-with-target-sum/
2836,Maximize Value of Function in a Ball Passing Game,Hard,,https://leetcode.com/problems/maximize-value-of-function-in-a-ball-passing-game/
2839,Check if Strings Can be Made Equal With Operations I,Easy,,https://leetcode.com/problems/check-if-strings-can-be-made-equal-with-operations-i/
2840,Check if Strings Can be Made Equal With Operations II,Medium,,https://leetcode.com/problems/check-if-strings-can-be-made-equal-with-operations-ii/
2841,Maximum Sum of Almost Unique Subarray,Medium,,https://leetcode.com/problems/maximum-sum-of-almost-unique-subarray/
2842,Count K-Subsequences of a String With Maximum Beauty,Hard,,https://leetcode.com/problems/count-k-subsequences-of-a-string-with-maximum-beauty/
2843,Count Symmetric Integers,Easy,,https://leetcode.com/problems/count-symmetric-integers/
2844,Minimum Operations to Make a Special Number,Medium,,https://leetcode.com/problems/minimum-operations-to-make-a-special-number/
2845,Count of Interesting Subarrays,Medium,,https://leetcode.com/problems/count-of-interesting-subarrays/
2846,Minimum Edge Weight Equilibrium Queries in a Tree,Hard,,https://leetcode.com/problems/minimum-edge-weight-equilibrium-queries-in-a-tree/
2848,Points That Intersect With Cars,Easy,,https://leetcode.com/problems/points-that-intersect-with-cars/
2849,Determine if a Cell Is Reachable at a Given Time,Medium,,https://leetcode.com/problems/determine-if-a-cell-is-reachable-at-a-given-time/
2850,Minimum Moves to Spread Stones Over Grid,Medium,,https://leetcode.com/problems/minimum-moves-to-spread-stones-over-grid/
2851,String Transformation,Hard,,https://leetcode.com/problems/string-transformation/
2855,Minimum Right Shifts to Sort the Array,Easy,,https://leetcode.com/problems/minimum-right-shifts-to-sort-the-array/
2856,Minimum Array Length After Pair Removals,Medium,,https://leetcode.com/problems/minimum-array-length-after-pair-removals/
2857,Count Pairs of Points With Distance k,Medium,,https://leetcode.com/problems/count-pairs-of-points-with-distance-k/
2858,Minimum Edge Reversals So Every Node Is Reachable,Hard,,https://leetcode.com/problems/minimum-edge-reversals-so-every-node-is-reachable/
2859,Sum of Values at Indices With K Set Bits,Easy,,https://leetcode.com/problems/sum-of-values-at-indices-with-k-set-bits/
2860,Happy Students,Medium,,https://leetcode.com/problems/happy-students/
2861,Maximum Number of Alloys,Medium,,https://leetcode.com/problems/maximum-number-of-alloys/
2862,Maximum Element-Sum of a Complete Subset of Indices,Hard,,https://leetcode.com/problems/maximum-element-sum-of-a-complete-subset-of-indices/
2864,Maximum Odd Binary Number,Easy,,https://leetcode.com/problems/maximum-odd-binary-number/
2865,Beautiful Towers I,Medium,,https://leetcode.com/problems/beautiful-towers-i/
2866,Beautiful Towers II,Medium,,https://leetcode.com/problems/beautiful-towers-ii/
2867,Count Valid Paths in a Tree,Hard,,https://leetcode.com/problems/count-valid-paths-in-a-tree/
2869,Minimum Operations to Collect Elements,Easy,,https://leetcode.com/problems/minimum-operations-to-collect-elements/
2870,Minimum Number of Operations to Make Array Empty,Medium,,https://leetcode.com/problems/minimum-number-of-operations-to-make-array-empty/
2871,Split Array Into Maximum Number of Subarrays,Medium,,https://leetcode.com/problems/split-array-into-maximum-number-of-subarrays/
2872,Maximum Number of K-Divisible Components,Hard,,https://leetcode.com/problems/maximum-number-of-k-divisible-components/
2873,Maximum Value of an Ordered Triplet I,Easy,,https://leetcode.com/problems/maximum-value-of-an-ordered-triplet-i/
2874,Maximum Value of an Ordered Triplet II,Medium,,https://leetcode.com/problems/maximum-value-of-an-ordered-triplet-ii/
2875,Minimum Size Subarray in Infinite Array,Medium,,https://leetcode.com/problems/minimum-size-subarray-in-infinite-array/
2876,Count Visited Nodes in a Directed Graph,Hard,,https://leetcode.com/problems/count-visited-nodes-in-a-directed-graph/
2877,Create a DataFrame from List,Easy,,https://leetcode.com/problems/create-a-dataframe-from-list/
2878,Get the Size of a DataFrame,Easy,,https://leetcode.com/problems/get-the-size-of-a-dataframe/
2879,Display the First Three Rows,Easy,,https://leetcode.com/problems/display-the-first-three-rows/
2880,Select Data,Easy,,https://leetcode.com/problems/select-data/
2881,Create a New Column,Easy,,https://leetcode.com/problems/create-a-new-column/
2882,Drop Duplicate Rows,Easy,,https://leetcode.com/problems/drop-duplicate-rows/
2883,Drop Missing Data,Easy,,https://leetcode.com/problems/drop-missing-data/
2884,Modify Columns,Easy,,https://leetcode.com/problems/modify-columns/
2885,Rename Columns,Easy,,https://leetcode.com/problems/rename-columns/
2886,Change Data Type,Easy,,https://leetcode.com/problems/change-data-type/
2887,Fill Missing Data,Easy,,https://leetcode.com/problems/fill-missing-data/
2888,Reshape Data: Concatenate,Easy,,https://leetcode.com/problems/reshape-data-concatenate/
2889,Reshape Data: Pivot,Easy,,https://leetcode.com/problems/reshape-data-pivot/
2890,Reshape Data: Melt,Easy,,https://leetcode.com/problems/reshape-data-melt/
2891,Method Chaining,Easy,,https://leetcode.com/problems/method-chaining/
2894,Divisible and Non-divisible Sums Difference,Easy,,https://leetcode.com/problems/divisible-and-non-divisible-sums-difference/
2895,Minimum Processing Time,Medium,,https://leetcode.com/problems/minimum-processing-time/
2896,Apply Operations to Make Two Strings Equal,Medium,,https://leetcode.com/problems/apply-operations-to-make-two-strings-equal/
2897,Apply Operations on Array to Maximize Sum of Squares,Hard,,https://leetcode.com/problems/apply-operations-on-array-to-maximize-sum-of-squares/
2899,Last Visited Integers,Easy,,https://leetcode.com/problems/last-visited-integers/
2900,Longest Unequal Adjacent Groups Subsequence I,Easy,,https://leetcode.com/problems/longest-unequal-adjacent-groups-subsequence-i/
2901,Longest Unequal Adjacent Groups Subsequence II,Medium,,https://leetcode.com/problems/longest-unequal-adjacent-groups-subsequence-ii/
2902,Count of Sub-Multisets With Bounded Sum,Hard,,https://leetcode.com/problems/count-of-sub-multisets-with-bounded-sum/
2903,Find Indices With Index and Value Difference I,Easy,,https://leetcode.com/problems/find-indices-with-index-and-value-difference-i/
2904,Shortest and Lexicographically Smallest Beautiful String,Medium,,https://leetcode.com/problems/shortest-and-lexicographically-smallest-beautiful-string/
2905,Find Indices With Index and Value Difference II,Medium,,https://leetcode.com/problems/find-indices-with-index-and-value-difference-ii/
2906,Construct Product Matrix,Medium,,https://leetcode.com/problems/construct-product-matrix/
2908,Minimum Sum of Mountain Triplets I,Easy,,https://leetcode.com/problems/minimum-sum-of-mountain-triplets-i/
2909,Minimum Sum of Mountain Triplets II,Medium,,https://leetcode.com/problems/minimum-sum-of-mountain-triplets-ii/
2910,Minimum Number of Groups to Create a Valid Assignment,Medium,,https://leetcode.com/problems/minimum-number-of-groups-to-create-a-valid-assignment/
2911,Minimum Changes to Make K Semi-palindromes,Hard,,https://leetcode.com/problems/minimum-changes-to-make-k-semi-palindromes/
2913,Subarrays Distinct Element Sum of Squares I,Easy,,https://leetcode.com/problems/subarrays-distinct-element-sum-of-squares-i/
2914,Minimum Number of Changes to Make Binary String Beautiful,Medium,,https://leetcode.com/problems/minimum-number-of-changes-to-make-binary-string-beautiful/
2915,Length of the Longest Subsequence That Sums to Target,Medium,,https://leetcode.com/problems/length-of-the-longest-subsequence-that-sums-to-target/
2916,Subarrays Distinct Element Sum of Squares II,Hard,,https://leetcode.com/problems/subarrays-distinct-element-sum-of-squares-ii/
2917,Find the K-or of an Array,Easy,,https://leetcode.com/problems/find-the-k-or-of-an-array/
2918,Minimum Equal Sum of Two Arrays After Replacing Zeros,Medium,,https://leetcode.com/problems/minimum-equal-sum-of-two-arrays-after-replacing-zeros/
2919,Minimum Increment Operations to Make Array Beautiful,Medium,,https://leetcode.com/problems/minimum-increment-operations-to-make-array-beautiful/
2920,Maximum Points After Collecting Coins From All Nodes,Hard,,https://leetcode.com/problems/maximum-points-after-collecting-coins-from-all-nodes/
2923,Find Champion I,Easy,,https://leetcode.com/problems/find-champion-i/
2924,Find Champion II,Medium,,https://leetcode.com/problems/find-champion-ii/
2925,Maximum Score After Applying Operations on a Tree,Medium,,https://leetcode.com/problems/maximum-score-after-applying-operations-on-a-tree/
2926,Maximum Balanced Subsequence Sum,Hard,,https://leetcode.com/problems/maximum-balanced-subsequence-sum/
2928,Distribute Candies Among Children I,Easy,,https://leetcode.com/problems/distribute-candies-among-children-i/
2929,Distribute Candies Among Children II,Medium,,https://leetcode.com/problems/distribute-candies-among-children-ii/
2930,Number of Strings Which Can Be Rearranged to Contain Substring,Medium,,https://leetcode.com/problems/number-of-strings-which-can-be-rearranged-to-contain-substring/
2931,Maximum Spending After Buying Items,Hard,,https://leetcode.com/problems/maximum-spending-after-buying-items/
2932,Maximum Strong Pair XOR I,Easy,,https://leetcode.com/problems/maximum-strong-pair-xor-i/
2933,High-Access Employees,Medium,,https://leetcode.com/problems/high-access-employees/
2934,Minimum Operations to Maximize Last Elements in Arrays,Medium,,https://leetcode.com/problems/minimum-operations-to-maximize-last-elements-in-arrays/
2935,Maximum Strong Pair XOR II,Hard,,https://leetcode.com/problems/maximum-strong-pair-xor-ii/
2937,Make Three Strings Equal,Easy,,https://leetcode.com/problems/make-three-strings-equal/
2938,Separate Black and White Balls,Medium,,https://leetcode.com/problems/separate-black-and-white-balls/
2939,Maximum Xor Product,Medium,,https://leetcode.com/problems/maximum-xor-product/
2940,Find Building Where Alice and Bob Can Meet,Hard,,https://leetcode.com/problems/find-building-where-alice-and-bob-can-meet/
2942,Find Words Containing Character,Easy,,https://leetcode.com/problems/find-words-containing-character/
2943,Maximize Area of Square Hole in Grid,Medium,,https://leetcode.com/problems/maximize-area-of-square-hole-in-grid/
2944,Minimum Number of Coins for Fruits,Medium,,https://leetcode.com/problems/minimum-number-of-coins-for-fruits/
2945,Find Maximum Non-decreasing Array Length,Hard,,https://leetcode.com/problems/find-maximum-non-decreasing-array-length/
2946,Matrix Similarity After Cyclic Shifts,Easy,,https://leetcode.com/problems/matrix-similarity-after-cyclic-shifts/
2947,Count Beautiful Substrings I,Medium,,https://leetcode.com/problems/count-beautiful-substrings-i/
2948,Make Lexicographically Smallest Array by Swapping Elements,Medium,,https://leetcode.com/problems/make-lexicographically-smallest-array-by-swapping-elements/
2949,Count Beautiful Substrings II,Hard,,https://leetcode.com/problems/count-beautiful-substrings-ii/
2951,Find the Peaks,Easy,,https://leetcode.com/problems/find-the-peaks/
2952,Minimum Number of Coins to be Added,Medium,,https://leetcode.com/problems/minimum-number-of-coins-to-be-added/
2953,Count Complete Substrings,Hard,,https://leetcode.com/problems/count-complete-substrings/
2954,Count the Number of Infection Sequences,Hard,,https://leetcode.com/problems/count-the-number-of-infection-sequences/
2956,Find Common Elements Between Two Arrays,Easy,,https://leetcode.com/problems/find-common-elements-between-two-arrays/
2957,Remove Adjacent Almost-Equal Characters,Medium,,https://leetcode.com/problems/remove-adjacent-almost-equal-characters/
2958,Length of Longest Subarray With at Most K Frequency,Medium,,https://leetcode.com/problems/length-of-longest-subarray-with-at-most-k-frequency/
2959,Number of Possible Sets of Closing Branches,Hard,,https://leetcode.com/problems/number-of-possible-sets-of-closing-branches/
2960,Count Tested Devices After Test Operations,Easy,,https://leetcode.com/problems/count-tested-devices-after-test-operations/
2961,Double Modular Exponentiation,Medium,,https://leetcode.com/problems/double-modular-exponentiation/
2962,Count Subarrays Where Max Element Appears at Least K Times,Medium,,https://leetcode.com/problems/count-subarrays-where-max-element-appears-at-least-k-times/
2963,Count the Number of Good Partitions,Hard,,https://leetcode.com/problems/count-the-number-of-good-partitions/
2965,Find Missing and Repeated Values,Easy,,https://leetcode.com/problems/find-missing-and-repeated-values/
2966,Divide Array Into Arrays With Max Difference,Medium,,https://leetcode.com/problems/divide-array-into-arrays-with-max-difference/
2967,Minimum Cost to Make Array Equalindromic,Medium,,https://leetcode.com/problems/minimum-cost-to-make-array-equalindromic/
2968,Apply Operations to Maximize Frequency Score,Hard,,https://leetcode.com/problems/apply-operations-to-maximize-frequency-score/
2970,Count the Number of Incremovable Subarrays I,Easy,,https://leetcode.com/problems/count-the-number-of-incremovable-subarrays-i/
2971,Find Polygon With the Largest Perimeter,Medium,,https://leetcode.com/problems/find-polygon-with-the-largest-perimeter/
2972,Count the Number of Incremovable Subarrays II,Hard,,https://leetcode.com/problems/count-the-number-of-incremovable-subarrays-ii/
2973,Find Number of Coins to Place in Tree Nodes,Hard,,https://leetcode.com/problems/find-number-of-coins-to-place-in-tree-nodes/
2974,Minimum Number Game,Easy,,https://leetcode.com/problems/minimum-number-game/
2975,Maximum Square Area by Removing Fences From a Field,Medium,,https://leetcode.com/problems/maximum-square-area-by-removing-fences-from-a-field/
2976,Minimum Cost to Convert String I,Medium,,https://leetcode.com/problems/minimum-cost-to-convert-string-i/
2977,Minimum Cost to Convert String II,Hard,,https://leetcode.com/problems/minimum-cost-to-convert-string-ii/
2980,Check if Bitwise OR Has Trailing Zeros,Easy,,https://leetcode.com/problems/check-if-bitwise-or-has-trailing-zeros/
2981,Find Longest Special Substring That Occurs Thrice I,Medium,,https://leetcode.com/problems/find-longest-special-substring-that-occurs-thrice-i/
2982,Find Longest Special Substring That Occurs Thrice II,Medium,,https://leetcode.com/problems/find-longest-special-substring-that-occurs-thrice-ii/
2983,Palindrome Rearrangement Queries,Hard,,https://leetcode.com/problems/palindrome-rearrangement-queries/
2996,Smallest Missing Integer Greater Than Sequential Prefix Sum,Easy,,https://leetcode.com/problems/smallest-missing-integer-greater-than-sequential-prefix-sum/
2997,Minimum Number of Operations to Make Array XOR Equal to K,Medium,,https://leetcode.com/problems/minimum-number-of-operations-to-make-array-xor-equal-to-k/
2998,Minimum Number of Operations to Make X and Y Equal,Medium,,https://leetcode.com/problems/minimum-number-of-operations-to-make-x-and-y-equal/
2999,Count the Number of Powerful Integers,Hard,,https://leetcode.com/problems/count-the-number-of-powerful-integers/
3000,Maximum Area of Longest Diagonal Rectangle,Easy,,https://leetcode.com/problems/maximum-area-of-longest-diagonal-rectangle/
3001,Minimum Moves to Capture The Queen,Medium,,https://leetcode.com/problems/minimum-moves-to-capture-the-queen/
3002,Maximum Size of a Set After Removals,Medium,,https://leetcode.com/problems/maximum-size-of-a-set-after-removals/
3003,Maximize the Number of Partitions After Operations,Hard,,https://leetcode.com/problems/maximize-the-number-of-partitions-after-operations/
3005,Count Elements With Maximum Frequency,Easy,,https://leetcode.com/problems/count-elements-with-maximum-frequency/
3006,Find Beautiful Indices in the Given Array I,Medium,,https://leetcode.com/problems/find-beautiful-indices-in-the-given-array-i/
3007,Maximum Number That Sum of the Prices Is Less Than or Equal to K,Medium,,https://leetcode.com/problems/maximum-number-that-sum-of-the-prices-is-less-than-or-equal-to-k/
3008,Find Beautiful Indices in the Given Array II,Hard,,https://leetcode.com/problems/find-beautiful-indices-in-the-given-array-ii/
3010,Divide an Array Into Subarrays With Minimum Cost I,Easy,,https://leetcode.com/problems/divide-an-array-into-subarrays-with-minimum-cost-i/
3011,Find if Array Can Be Sorted,Medium,,https://leetcode.com/problems/find-if-array-can-be-sorted/
3012,Minimize Length of Array Using Operations,Medium,,https://leetcode.com/problems/minimize-length-of-array-using-operations/
3013,Divide an Array Into Subarrays With Minimum Cost II,Hard,,https://leetcode.com/problems/divide-an-array-into-subarrays-with-minimum-cost-ii/
3014,Minimum Number of Pushes to Type Word I,Easy,,https://leetcode.com/problems/minimum-number-of-pushes-to-type-word-i/
3015,Count the Number of Houses at a Certain Distance I,Medium,,https://leetcode.com/problems/count-the-number-of-houses-at-a-certain-distance-i/
3016,Minimum Number of Pushes to Type Word II,Medium,,https://leetcode.com/problems/minimum-number-of-pushes-to-type-word-ii/
3017,Count the Number of Houses at a Certain Distance II,Hard,,https://leetcode.com/problems/count-the-number-of-houses-at-a-certain-distance-ii/
3019,Number of Changing Keys,Easy,,https://leetcode.com/problems/number-of-changing-keys/
3020,Find the Maximum Number of Elements in Subset,Medium,,https://leetcode.com/problems/find-the-maximum-number-of-elements-in-subset/
3021,Alice and Bob Playing Flower Game,Medium,,https://leetcode.com/problems/alice-and-bob-playing-flower-game/
3022,Minimize OR of Remaining Elements Using Operations,Hard,,https://leetcode.com/problems/minimize-or-of-remaining-elements-using-operations/
3024,Type of Triangle,Easy,,https://leetcode.com/problems/type-of-triangle/
3025,Find the Number of Ways to Place People I,Medium,,https://leetcode.com/problems/find-the-number-of-ways-to-place-people-i/
3026,Maximum Good Subarray Sum,Medium,,https://leetcode.com/problems/maximum-good-subarray-sum/
3027,Find the Number of Ways to Place People II,Hard,,https://leetcode.com/problems/find-the-number-of-ways-to-place-people-ii/
3028,Ant on the Boundary,Easy,,https://leetcode.com/problems/ant-on-the-boundary/
3029,Minimum Time to Revert Word to Initial State I,Medium,,https://leetcode.com/problems/minimum-time-to-revert-word-to-initial-state-i/
3030,Find the Grid of Region Average,Medium,,https://leetcode.com/problems/find-the-grid-of-region-average/
3031,Minimum Time to Revert Word to Initial State II,Hard,,https://leetcode.com/problems/minimum-time-to-revert-word-to-initial-state-ii/
3033,Modify the Matrix,Easy,,https://leetcode.com/problems/modify-the-matrix/
3034,Number of Subarrays That Match a Pattern I,Medium,,https://leetcode.com/problems/number-of-subarrays-that-match-a-pattern-i/
3035,Maximum Palindromes After Operations,Medium,,https://leetcode.com/problems/maximum-palindromes-after-operations/
3036,Number of Subarrays That Match a Pattern II,Hard,,https://leetcode.com/problems/number-of-subarrays-that-match-a-pattern-ii/
3038,Maximum Number of Operations With the Same Score I,Easy,,https://leetcode.com/problems/maximum-number-of-operations-with-the-same-score-i/
3039,Apply Operations to Make String Empty,Medium,,https://leetcode.com/problems/apply-operations-to-make-string-empty/
3040,Maximum Number of Operations With the Same Score II,Medium,,https://leetcode.com/problems/maximum-number-of-operations-with-the-same-score-ii/
3041,Maximize Consecutive Elements in an Array After Modification,Hard,,https://leetcode.com/problems/maximize-consecutive-elements-in-an-array-after-modification/
3042,Count Prefix and Suffix Pairs I,Easy,,https://leetcode.com/problems/count-prefix-and-suffix-pairs-i/
3043,Find the Length of the Longest Common Prefix,Medium,,https://leetcode.com/problems/find-the-length-of-the-longest-common-prefix/
3044,Most Frequent Prime,Medium,,https://leetcode.com/problems/most-frequent-prime/
3045,Count Prefix and Suffix Pairs II,Hard,,https://leetcode.com/problems/count-prefix-and-suffix-pairs-ii/
3046,Split the Array,Easy,,https://leetcode.com/problems/split-the-array/
3047,Find the Largest Area of Square Inside Two Rectangles,Medium,,https://leetcode.com/problems/find-the-largest-area-of-square-inside-two-rectangles/
3048,Earliest Second to Mark Indices I,Medium,,https://leetcode.com/problems/earliest-second-to-mark-indices-i/
3049,Earliest Second to Mark Indices II,Hard,,https://leetcode.com/problems/earliest-second-to-mark-indices-ii/
3065,Minimum Operations to Exceed Threshold Value I,Easy,,https://leetcode.com/problems/minimum-operations-to-exceed-threshold-value-i/
3066,Minimum Operations to Exceed Threshold Value II,Medium,,https://leetcode.com/problems/minimum-operations-to-exceed-threshold-value-ii/
3067,Count Pairs of Connectable Servers in a Weighted Tree Network,Medium,,https://leetcode.com/problems/count-pairs-of-connectable-servers-in-a-weighted-tree-network/
3068,Find the Maximum Sum of Node Values,Hard,,https://leetcode.com/problems/find-the-maximum-sum-of-node-values/
3069,Distribute Elements Into Two Arrays I,Easy,,https://leetcode.com/problems/distribute-elements-into-two-arrays-i/
3070,Count Submatrices with Top-Left Element and Sum Less Than k,Medium,,https://leetcode.com/problems/count-submatrices-with-top-left-element-and-sum-less-than-k/
3071,Minimum Operations to Write the Letter Y on a Grid,Medium,,https://leetcode.com/problems/minimum-operations-to-write-the-letter-y-on-a-grid/
3072,Distribute Elements Into Two Arrays II,Hard,,https://leetcode.com/problems/distribute-elements-into-two-arrays-ii/
3074,Apple Redistribution into Boxes,Easy,,https://leetcode.com/problems/apple-redistribution-into-boxes/
3075,Maximize Happiness of Selected Children,Medium,,https://leetcode.com/problems/maximize-happiness-of-selected-children/
3076,Shortest Uncommon Substring in an Array,Medium,,https://leetcode.com/problems/shortest-uncommon-substring-in-an-array/
3077,Maximum Strength of K Disjoint Subarrays,Hard,,https://leetcode.com/problems/maximum-strength-of-k-disjoint-subarrays/
3079,Find the Sum of Encrypted Integers,Easy,,https://leetcode.com/problems/find-the-sum-of-encrypted-integers/
3080,Mark Elements on Array by Performing Queries,Medium,,https://leetcode.com/problems/mark-elements-on-array-by-performing-queries/
3081,Replace Question Marks in String to Minimize Its Value,Medium,,https://leetcode.com/problems/replace-question-marks-in-string-to-minimize-its-value/
3082,Find the Sum of the Power of All Subsequences,Hard,,https://leetcode.com/problems/find-the-sum-of-the-power-of-all-subsequences/
3083,Existence of a Substring in a String and Its Reverse,Easy,,https://leetcode.com/problems/existence-of-a-substring-in-a-string-and-its-reverse/
3084,Count Substrings Starting and Ending with Given Character,Medium,,https://leetcode.com/problems/count-substrings-starting-and-ending-with-given-character/
3085,Minimum Deletions to Make String K-Special,Medium,,https://leetcode.com/problems/minimum-deletions-to-make-string-k-special/
3086,Minimum Moves to Pick K Ones,Hard,,https://leetcode.com/problems/minimum-moves-to-pick-k-ones/
3090,Maximum Length Substring With Two Occurrences,Easy,,https://leetcode.com/problems/maximum-length-substring-with-two-occurrences/
3091,Apply Operations to Make Sum of Array Greater Than or Equal to k,Medium,,https://leetcode.com/problems/apply-operations-to-make-sum-of-array-greater-than-or-equal-to-k/
3092,Most Frequent IDs,Medium,,https://leetcode.com/problems/most-frequent-ids/
3093,Longest Common Suffix Queries,Hard,,https://leetcode.com/problems/longest-common-suffix-queries/
3095,Shortest Subarray With OR at Least K I,Easy,,https://leetcode.com/problems/shortest-subarray-with-or-at-least-k-i/
3096,Minimum Levels to Gain More Points,Medium,,https://leetcode.com/problems/minimum-levels-to-gain-more-points/
3097,Shortest Subarray With OR at Least K II,Medium,,https://leetcode.com/problems/shortest-subarray-with-or-at-least-k-ii/
3098,Find the Sum of Subsequence Powers,Hard,,https://leetcode.com/problems/find-the-sum-of-subsequence-powers/
3099,Harshad Number,Easy,,https://leetcode.com/problems/harshad-number/
3100,Water Bottles II,Medium,,https://leetcode.com/problems/water-bottles-ii/
3101,Count Alternating Subarrays,Medium,,https://leetcode.com/problems/count-alternating-subarrays/
3102,Minimize Manhattan Distances,Hard,,https://leetcode.com/problems/minimize-manhattan-distances/
3105,Longest Strictly Increasing or Strictly Decreasing Subarray,Easy,,https://leetcode.com/problems/longest-strictly-increasing-or-strictly-decreasing-subarray/
3106,Lexicographically Smallest String After Operations With Constraint,Medium,,https://leetcode.com/problems/lexicographically-smallest-string-after-operations-with-constraint/
3107,Minimum Operations to Make Median of Array Equal to K,Medium,,https://leetcode.com/problems/minimum-operations-to-make-median-of-array-equal-to-k/
3108,Minimum Cost Walk in Weighted Graph,Hard,,https://leetcode.com/problems/minimum-cost-walk-in-weighted-graph/
3110,Score of a String,Easy,,https://leetcode.com/problems/score-of-a-string/
3111,Minimum Rectangles to Cover Points,Medium,,https://leetcode.com/problems/minimum-rectangles-to-cover-points/
3112,Minimum Time to Visit Disappearing Nodes,Medium,,https://leetcode.com/problems/minimum-time-to-visit-disappearing-nodes/
3113,Find the Number of Subarrays Where Boundary Elements Are Maximum,Hard,,https://leetcode.com/problems/find-the-number-of-subarrays-where-boundary-elements-are-maximum/
3114,Latest Time You Can Obtain After Replacing Characters,Easy,,https://leetcode.com/problems/latest-time-you-can-obtain-after-replacing-characters/
3115,Maximum Prime Difference,Medium,,https://leetcode.com/problems/maximum-prime-difference/
3116,Kth Smallest Amount With Single Denomination Combination,Hard,,https://leetcode.com/problems/kth-smallest-amount-with-single-denomination-combination/
3117,Minimum Sum of Values by Dividing Array,Hard,,https://leetcode.com/problems/minimum-sum-of-values-by-dividing-array/
3120,Count the Number of Special Characters I,Easy,,https://leetcode.com/problems/count-the-number-of-special-characters-i/
3121,Count the Number of Special Characters II,Medium,,https://leetcode.com/problems/count-the-number-of-special-characters-ii/
3122,Minimum Number of Operations to Satisfy Conditions,Medium,,https://leetcode.com/problems/minimum-number-of-operations-to-satisfy-conditions/
3123,Find Edges in Shortest Paths,Hard,,https://leetcode.com/problems/find-edges-in-shortest-paths/
3127,Make a Square with the Same Color,Easy,,https://leetcode.com/problems/make-a-square-with-the-same-color/
3128,Right Triangles,Medium,,https://leetcode.com/problems/right-triangles/
3129,Find All Possible Stable Binary Arrays I,Medium,,https://leetcode.com/problems/find-all-possible-stable-binary-arrays-i/
3130,Find All Possible Stable Binary Arrays II,Hard,,https://leetcode.com/problems/find-all-possible-stable-binary-arrays-ii/
3131,Find the Integer Added to Array I,Easy,,https://leetcode.com/problems/find-the-integer-added-to-array-i/
3132,Find the Integer Added to Array II,Medium,,https://leetcode.com/problems/find-the-integer-added-to-array-ii/
3133,Minimum Array End,Medium,,https://leetcode.com/problems/minimum-array-end/
3134,Find the Median of the Uniqueness Array,Hard,,https://leetcode.com/problems/find-the-median-of-the-uniqueness-array/
3136,Valid Word,Easy,,https://leetcode.com/problems/valid-word/
3137,Minimum Number of Operations to Make Word K-Periodic,Medium,,https://leetcode.com/problems/minimum-number-of-operations-to-make-word-k-periodic/
3138,Minimum Length of Anagram Concatenation,Medium,,https://leetcode.com/problems/minimum-length-of-anagram-concatenation/
3139,Minimum Cost to Equalize Array,Hard,,https://leetcode.com/problems/minimum-cost-to-equalize-array/
3142,Check if Grid Satisfies Conditions,Easy,,https://leetcode.com/problems/check-if-grid-satisfies-conditions/
3143,Maximum Points Inside the Square,Medium,,https://leetcode.com/problems/maximum-points-inside-the-square/
3144,Minimum Substring Partition of Equal Character Frequency,Medium,,https://leetcode.com/problems/minimum-substring-partition-of-equal-character-frequency/
3145,Find Products of Elements of Big Array,Hard,,https://leetcode.com/problems/find-products-of-elements-of-big-array/
3146,Permutation Difference between Two Strings,Easy,,https://leetcode.com/problems/permutation-difference-between-two-strings/
3147,Taking Maximum Energy From the Mystic Dungeon,Medium,,https://leetcode.com/problems/taking-maximum-energy-from-the-mystic-dungeon/
3148,Maximum Difference Score in a Grid,Medium,,https://leetcode.com/problems/maximum-difference-score-in-a-grid/
3149,Find the Minimum Cost Array Permutation,Hard,,https://leetcode.com/problems/find-the-minimum-cost-array-permutation/
3151,Special Array I,Easy,,https://leetcode.com/problems/special-array-i/
3152,Special Array II,Medium,,https://leetcode.com/problems/special-array-ii/
3153,Sum of Digit Differences of All Pairs,Medium,,https://leetcode.com/problems/sum-of-digit-differences-of-all-pairs/
3154,Find Number of Ways to Reach the K-th Stair,Hard,,https://leetcode.com/problems/find-number-of-ways-to-reach-the-k-th-stair/
3158,Find the XOR of Numbers Which Appear Twice,Easy,,https://leetcode.com/problems/find-the-xor-of-numbers-which-appear-twice/
3159,Find Occurrences of an Element in an Array,Medium,,https://leetcode.com/problems/find-occurrences-of-an-element-in-an-array/
3160,Find the Number of Distinct Colors Among the Balls,Medium,,https://leetcode.com/problems/find-the-number-of-distinct-colors-among-the-balls/
3161,Block Placement Queries,Hard,,https://leetcode.com/problems/block-placement-queries/
3162,Find the Number of Good Pairs I,Easy,,https://leetcode.com/problems/find-the-number-of-good-pairs-i/
3163,String Compression III,Medium,,https://leetcode.com/problems/string-compression-iii/
3164,Find the Number of Good Pairs II,Medium,,https://leetcode.com/problems/find-the-number-of-good-pairs-ii/
3165,Maximum Sum of Subsequence With Non-adjacent Elements,Hard,,https://leetcode.com/problems/maximum-sum-of-subsequence-with-non-adjacent-elements/
3168,Minimum Number of Chairs in a Waiting Room,Easy,,https://leetcode.com/problems/minimum-number-of-chairs-in-a-waiting-room/
3169,Count Days Without Meetings,Medium,,https://leetcode.com/problems/count-days-without-meetings/
3170,Lexicographically Minimum String After Removing Stars,Medium,,https://leetcode.com/problems/lexicographically-minimum-string-after-removing-stars/
3171,Find Subarray With Bitwise OR Closest to K,Hard,,https://leetcode.com/problems/find-subarray-with-bitwise-or-closest-to-k/
3174,Clear Digits,Easy,,https://leetcode.com/problems/clear-digits/
3175,Find The First Player to win K Games in a Row,Medium,,https://leetcode.com/problems/find-the-first-player-to-win-k-games-in-a-row/
3176,Find the Maximum Length of a Good Subsequence I,Medium,,https://leetcode.com/problems/find-the-maximum-length-of-a-good-subsequence-i/
3177,Find the Maximum Length of a Good Subsequence II,Hard,,https://leetcode.com/problems/find-the-maximum-length-of-a-good-subsequence-ii/
3178,Find the Child Who Has the Ball After K Seconds,Easy,,https://leetcode.com/problems/find-the-child-who-has-the-ball-after-k-seconds/
3179,Find the N-th Value After K Seconds,Medium,,https://leetcode.com/problems/find-the-n-th-value-after-k-seconds/
3180,Maximum Total Reward Using Operations I,Medium,,https://leetcode.com/problems/maximum-total-reward-using-operations-i/
3181,Maximum Total Reward Using Operations II,Hard,,https://leetcode.com/problems/maximum-total-reward-using-operations-ii/
3184,Count Pairs That Form a Complete Day I,Easy,,https://leetcode.com/problems/count-pairs-that-form-a-complete-day-i/
3185,Count Pairs That Form a Complete Day II,Medium,,https://leetcode.com/problems/count-pairs-that-form-a-complete-day-ii/
3186,Maximum Total Damage With Spell Casting,Medium,,https://leetcode.com/problems/maximum-total-damage-with-spell-casting/
3187,Peaks in Array,Hard,,https://leetcode.com/problems/peaks-in-array/
3190,Find Minimum Operations to Make All Elements Divisible by Three,Easy,,https://leetcode.com/problems/find-minimum-operations-to-make-all-elements-divisible-by-three/
3191,Minimum Operations to Make Binary Array Elements Equal to One I,Medium,,https://leetcode.com/problems/minimum-operations-to-make-binary-array-elements-equal-to-one-i/
3192,Minimum Operations to Make Binary Array Elements Equal to One II,Medium,,https://leetcode.com/problems/minimum-operations-to-make-binary-array-elements-equal-to-one-ii/
3193,Count the Number of Inversions,Hard,,https://leetcode.com/problems/count-the-number-of-inversions/
3194,Minimum Average of Smallest and Largest Elements,Easy,,https://leetcode.com/problems/minimum-average-of-smallest-and-largest-elements/
3195,Find the Minimum Area to Cover All Ones I,Medium,,https://leetcode.com/problems/find-the-minimum-area-to-cover-all-ones-i/
3196,Maximize Total Cost of Alternating Subarrays,Medium,,https://leetcode.com/problems/maximize-total-cost-of-alternating-subarrays/
3197,Find the Minimum Area to Cover All Ones II,Hard,,https://leetcode.com/problems/find-the-minimum-area-to-cover-all-ones-ii/
3200,Maximum Height of a Triangle,Easy,,https://leetcode.com/problems/maximum-height-of-a-triangle/
3201,Find the Maximum Length of Valid Subsequence I,Medium,,https://leetcode.com/problems/find-the-maximum-length-of-valid-subsequence-i/
3202,Find the Maximum Length of Valid Subsequence II,Medium,,https://leetcode.com/problems/find-the-maximum-length-of-valid-subsequence-ii/
3203,Find Minimum Diameter After Merging Two Trees,Hard,,https://leetcode.com/problems/find-minimum-diameter-after-merging-two-trees/
3206,Alternating Groups I,Easy,,https://leetcode.com/problems/alternating-groups-i/
3207,Maximum Points After Enemy Battles,Medium,,https://leetcode.com/problems/maximum-points-after-enemy-battles/
3208,Alternating Groups II,Medium,,https://leetcode.com/problems/alternating-groups-ii/
3209,Number of Subarrays With AND Value of K,Hard,,https://leetcode.com/problems/number-of-subarrays-with-and-value-of-k/
3210,Find the Encrypted String,Easy,,https://leetcode.com/problems/find-the-encrypted-string/
3211,Generate Binary Strings Without Adjacent Zeros,Medium,,https://leetcode.com/problems/generate-binary-strings-without-adjacent-zeros/
3212,Count Submatrices With Equal Frequency of X and Y,Medium,,https://leetcode.com/problems/count-submatrices-with-equal-frequency-of-x-and-y/
3213,Construct String with Minimum Cost,Hard,,https://leetcode.com/problems/construct-string-with-minimum-cost/
3216,Lexicographically Smallest String After a Swap,Easy,,https://leetcode.com/problems/lexicographically-smallest-string-after-a-swap/
3217,Delete Nodes From Linked List Present in Array,Medium,,https://leetcode.com/problems/delete-nodes-from-linked-list-present-in-array/
3218,Minimum Cost for Cutting Cake I,Medium,,https://leetcode.com/problems/minimum-cost-for-cutting-cake-i/
3219,Minimum Cost for Cutting Cake II,Hard,,https://leetcode.com/problems/minimum-cost-for-cutting-cake-ii/
3220,Odd and Even Transactions,Medium,,https://leetcode.com/problems/odd-and-even-transactions/
3222,Find the Winning Player in Coin Game,Easy,,https://leetcode.com/problems/find-the-winning-player-in-coin-game/
3223,Minimum Length of String After Operations,Medium,,https://leetcode.com/problems/minimum-length-of-string-after-operations/
3224,Minimum Array Changes to Make Differences Equal,Medium,,https://leetcode.com/problems/minimum-array-changes-to-make-differences-equal/
3225,Maximum Score From Grid Operations,Hard,,https://leetcode.com/problems/maximum-score-from-grid-operations/
3226,Number of Bit Changes to Make Two Integers Equal,Easy,,https://leetcode.com/problems/number-of-bit-changes-to-make-two-integers-equal/
3227,Vowels Game in a String,Medium,,https://leetcode.com/problems/vowels-game-in-a-string/
3228,Maximum Number of Operations to Move Ones to the End,Medium,,https://leetcode.com/problems/maximum-number-of-operations-to-move-ones-to-the-end/
3229,Minimum Operations to Make Array Equal to Target,Hard,,https://leetcode.com/problems/minimum-operations-to-make-array-equal-to-target/
3232,Find if Digit Game Can Be Won,Easy,,https://leetcode.com/problems/find-if-digit-game-can-be-won/
3233,Find the Count of Numbers Which Are Not Special,Medium,,https://leetcode.com/problems/find-the-count-of-numbers-which-are-not-special/
3234,Count the Number of Substrings With Dominant Ones,Medium,,https://leetcode.com/problems/count-the-number-of-substrings-with-dominant-ones/
3235,Check if the Rectangle Corner Is Reachable,Hard,,https://leetcode.com/problems/check-if-the-rectangle-corner-is-reachable/
3238,Find the Number of Winning Players,Easy,,https://leetcode.com/problems/find-the-number-of-winning-players/
3239,Minimum Number of Flips to Make Binary Grid Palindromic I,Medium,,https://leetcode.com/problems/minimum-number-of-flips-to-make-binary-grid-palindromic-i/
3240,Minimum Number of Flips to Make Binary Grid Palindromic II,Medium,,https://leetcode.com/problems/minimum-number-of-flips-to-make-binary-grid-palindromic-ii/
3241,Time Taken to Mark All Nodes,Hard,,https://leetcode.com/problems/time-taken-to-mark-all-nodes/
3242,Design Neighbor Sum Service,Easy,,https://leetcode.com/problems/design-neighbor-sum-service/
3243,Shortest Distance After Road Addition Queries I,Medium,,https://leetcode.com/problems/shortest-distance-after-road-addition-queries-i/
3244,Shortest Distance After Road Addition Queries II,Hard,,https://leetcode.com/problems/shortest-distance-after-road-addition-queries-ii/
3245,Alternating Groups III,Hard,,https://leetcode.com/problems/alternating-groups-iii/
3248,Snake in Matrix,Easy,,https://leetcode.com/problems/snake-in-matrix/
3249,Count the Number of Good Nodes,Medium,,https://leetcode.com/problems/count-the-number-of-good-nodes/
3250,Find the Count of Monotonic Pairs I,Hard,,https://leetcode.com/problems/find-the-count-of-monotonic-pairs-i/
3251,Find the Count of Monotonic Pairs II,Hard,,https://leetcode.com/problems/find-the-count-of-monotonic-pairs-ii/
3254,Find the Power of K-Size Subarrays I,Medium,,https://leetcode.com/problems/find-the-power-of-k-size-subarrays-i/
3255,Find the Power of K-Size Subarrays II,Medium,,https://leetcode.com/problems/find-the-power-of-k-size-subarrays-ii/
3256,Maximum Value Sum by Placing Three Rooks I,Hard,,https://leetcode.com/problems/maximum-value-sum-by-placing-three-rooks-i/
3257,Maximum Value Sum by Placing Three Rooks II,Hard,,https://leetcode.com/problems/maximum-value-sum-by-placing-three-rooks-ii/
3258,Count Substrings That Satisfy K-Constraint I,Easy,,https://leetcode.com/problems/count-substrings-that-satisfy-k-constraint-i/
3259,Maximum Energy Boost From Two Drinks,Medium,,https://leetcode.com/problems/maximum-energy-boost-from-two-drinks/
3260,Find the Largest Palindrome Divisible by K,Hard,,https://leetcode.com/problems/find-the-largest-palindrome-divisible-by-k/
3261,Count Substrings That Satisfy K-Constraint II,Hard,,https://leetcode.com/problems/count-substrings-that-satisfy-k-constraint-ii/
3264,Final Array State After K Multiplication Operations I,Easy,,https://leetcode.com/problems/final-array-state-after-k-multiplication-operations-i/
3265,Count Almost Equal Pairs I,Medium,,https://leetcode.com/problems/count-almost-equal-pairs-i/
3266,Final Array State After K Multiplication Operations II,Hard,,https://leetcode.com/problems/final-array-state-after-k-multiplication-operations-ii/
3267,Count Almost Equal Pairs II,Hard,,https://leetcode.com/problems/count-almost-equal-pairs-ii/
3270,Find the Key of the Numbers,Easy,,https://leetcode.com/problems/find-the-key-of-the-numbers/
3271,Hash Divided String,Medium,,https://leetcode.com/problems/hash-divided-string/
3272,Find the Count of Good Integers,Hard,,https://leetcode.com/problems/find-the-count-of-good-integers/
3273,Minimum Amount of Damage Dealt to Bob,Hard,,https://leetcode.com/problems/minimum-amount-of-damage-dealt-to-bob/
3274,Check if Two Chessboard Squares Have the Same Color,Easy,,https://leetcode.com/problems/check-if-two-chessboard-squares-have-the-same-color/
3275,K-th Nearest Obstacle Queries,Medium,,https://leetcode.com/problems/k-th-nearest-obstacle-queries/
3276,Select Cells in Grid With Maximum Score,Hard,,https://leetcode.com/problems/select-cells-in-grid-with-maximum-score/
3277,Maximum XOR Score Subarray Queries,Hard,,https://leetcode.com/problems/maximum-xor-score-subarray-queries/
3280,Convert Date to Binary,Easy,,https://leetcode.com/problems/convert-date-to-binary/
3281,Maximize Score of Numbers in Ranges,Medium,,https://leetcode.com/problems/maximize-score-of-numbers-in-ranges/
3282,Reach End of Array With Max Score,Medium,,https://leetcode.com/problems/reach-end-of-array-with-max-score/
3283,Maximum Number of Moves to Kill All Pawns,Hard,,https://leetcode.com/problems/maximum-number-of-moves-to-kill-all-pawns/
3285,Find Indices of Stable Mountains,Easy,,https://leetcode.com/problems/find-indices-of-stable-mountains/
3286,Find a Safe Walk Through a Grid,Medium,,https://leetcode.com/problems/find-a-safe-walk-through-a-grid/
3287,Find the Maximum Sequence Value of Array,Hard,,https://leetcode.com/problems/find-the-maximum-sequence-value-of-array/
3288,Length of the Longest Increasing Path,Hard,,https://leetcode.com/problems/length-of-the-longest-increasing-path/
3289,The Two Sneaky Numbers of Digitville,Easy,,https://leetcode.com/problems/the-two-sneaky-numbers-of-digitville/
3290,Maximum Multiplication Score,Medium,,https://leetcode.com/problems/maximum-multiplication-score/
3291,Minimum Number of Valid Strings to Form Target I,Medium,,https://leetcode.com/problems/minimum-number-of-valid-strings-to-form-target-i/
3292,Minimum Number of Valid Strings to Form Target II,Hard,,https://leetcode.com/problems/minimum-number-of-valid-strings-to-form-target-ii/
3295,Report Spam Message,Medium,,https://leetcode.com/problems/report-spam-message/
3296,Minimum Number of Seconds to Make Mountain Height Zero,Medium,,https://leetcode.com/problems/minimum-number-of-seconds-to-make-mountain-height-zero/
3297,Count Substrings That Can Be Rearranged to Contain a String I,Medium,,https://leetcode.com/problems/count-substrings-that-can-be-rearranged-to-contain-a-string-i/
3298,Count Substrings That Can Be Rearranged to Contain a String II,Hard,,https://leetcode.com/problems/count-substrings-that-can-be-rearranged-to-contain-a-string-ii/
3300,Minimum Element After Replacement With Digit Sum,Easy,,https://leetcode.com/problems/minimum-element-after-replacement-with-digit-sum/
3301,Maximize the Total Height of Unique Towers,Medium,,https://leetcode.com/problems/maximize-the-total-height-of-unique-towers/
3302,Find the Lexicographically Smallest Valid Sequence,Medium,,https://leetcode.com/problems/find-the-lexicographically-smallest-valid-sequence/
3303,Find the Occurrence of First Almost Equal Substring,Hard,,https://leetcode.com/problems/find-the-occurrence-of-first-almost-equal-substring/
3304,Find the K-th Character in String Game I,Easy,,https://leetcode.com/problems/find-the-k-th-character-in-string-game-i/
3305,Count of Substrings Containing Every Vowel and K Consonants I,Medium,,https://leetcode.com/problems/count-of-substrings-containing-every-vowel-and-k-consonants-i/
3306,Count of Substrings Containing Every Vowel and K Consonants II,Medium,,https://leetcode.com/problems/count-of-substrings-containing-every-vowel-and-k-consonants-ii/
3307,Find the K-th Character in String Game II,Hard,,https://leetcode.com/problems/find-the-k-th-character-in-string-game-ii/
3309,Maximum Possible Number by Binary Concatenation,Medium,,https://leetcode.com/problems/maximum-possible-number-by-binary-concatenation/
3310,Remove Methods From Project,Medium,,https://leetcode.com/problems/remove-methods-from-project/
3311,Construct 2D Grid Matching Graph Layout,Hard,,https://leetcode.com/problems/construct-2d-grid-matching-graph-layout/
3312,Sorted GCD Pair Queries,Hard,,https://leetcode.com/problems/sorted-gcd-pair-queries/
3314,Construct the Minimum Bitwise Array I,Easy,,https://leetcode.com/problems/construct-the-minimum-bitwise-array-i/
3315,Construct the Minimum Bitwise Array II,Medium,,https://leetcode.com/problems/construct-the-minimum-bitwise-array-ii/
3316,Find Maximum Removals From Source String,Medium,,https://leetcode.com/problems/find-maximum-removals-from-source-string/
3317,Find the Number of Possible Ways for an Event,Hard,,https://leetcode.com/problems/find-the-number-of-possible-ways-for-an-event/
3318,Find X-Sum of All K-Long Subarrays I,Easy,,https://leetcode.com/problems/find-x-sum-of-all-k-long-subarrays-i/
3319,K-th Largest Perfect Subtree Size in Binary Tree,Medium,,https://leetcode.com/problems/k-th-largest-perfect-subtree-size-in-binary-tree/
3320,Count The Number of Winning Sequences,Hard,,https://leetcode.com/problems/count-the-number-of-winning-sequences/
3321,Find X-Sum of All K-Long Subarrays II,Hard,,https://leetcode.com/problems/find-x-sum-of-all-k-long-subarrays-ii/
3324,Find the Sequence of Strings Appeared on the Screen,Medium,,https://leetcode.com/problems/find-the-sequence-of-strings-appeared-on-the-screen/
3325,Count Substrings With K-Frequency Characters I,Medium,,https://leetcode.com/problems/count-substrings-with-k-frequency-characters-i/
3326,Minimum Division Operations to Make Array Non Decreasing,Medium,,https://leetcode.com/problems/minimum-division-operations-to-make-array-non-decreasing/
3327,Check if DFS Strings Are Palindromes,Hard,,https://leetcode.com/problems/check-if-dfs-strings-are-palindromes/
3330,Find the Original Typed String I,Easy,,https://leetcode.com/problems/find-the-original-typed-string-i/
3331,Find Subtree Sizes After Changes,Medium,,https://leetcode.com/problems/find-subtree-sizes-after-changes/
3332,Maximum Points Tourist Can Earn,Medium,,https://leetcode.com/problems/maximum-points-tourist-can-earn/
3333,Find the Original Typed String II,Hard,,https://leetcode.com/problems/find-the-original-typed-string-ii/
3334,Find the Maximum Factor Score of Array,Medium,,https://leetcode.com/problems/find-the-maximum-factor-score-of-array/
3335,Total Characters in String After Transformations I,Medium,,https://leetcode.com/problems/total-characters-in-string-after-transformations-i/
3336,Find the Number of Subsequences With Equal GCD,Hard,,https://leetcode.com/problems/find-the-number-of-subsequences-with-equal-gcd/
3337,Total Characters in String After Transformations II,Hard,,https://leetcode.com/problems/total-characters-in-string-after-transformations-ii/
3340,Check Balanced String,Easy,,https://leetcode.com/problems/check-balanced-string/
3341,Find Minimum Time to Reach Last Room I,Medium,,https://leetcode.com/problems/find-minimum-time-to-reach-last-room-i/
3342,Find Minimum Time to Reach Last Room II,Medium,,https://leetcode.com/problems/find-minimum-time-to-reach-last-room-ii/
3343,Count Number of Balanced Permutations,Hard,,https://leetcode.com/problems/count-number-of-balanced-permutations/
3345,Smallest Divisible Digit Product I,Easy,,https://leetcode.com/problems/smallest-divisible-digit-product-i/
3346,Maximum Frequency of an Element After Performing Operations I,Medium,,https://leetcode.com/problems/maximum-frequency-of-an-element-after-performing-operations-i/
3347,Maximum Frequency of an Element After Performing Operations II,Hard,,https://leetcode.com/problems/maximum-frequency-of-an-element-after-performing-operations-ii/
3348,Smallest Divisible Digit Product II,Hard,,https://leetcode.com/problems/smallest-divisible-digit-product-ii/
3349,Adjacent Increasing Subarrays Detection I,Easy,,https://leetcode.com/problems/adjacent-increasing-subarrays-detection-i/
3350,Adjacent Increasing Subarrays Detection II,Medium,,https://leetcode.com/problems/adjacent-increasing-subarrays-detection-ii/
3351,Sum of Good Subsequences,Hard,,https://leetcode.com/problems/sum-of-good-subsequences/
3352,Count K-Reducible Numbers Less Than N,Hard,,https://leetcode.com/problems/count-k-reducible-numbers-less-than-n/
3354,Make Array Elements Equal to Zero,Easy,,https://leetcode.com/problems/make-array-elements-equal-to-zero/
3355,Zero Array Transformation I,Medium,,https://leetcode.com/problems/zero-array-transformation-i/
3356,Zero Array Transformation II,Medium,,https://leetcode.com/problems/zero-array-transformation-ii/
3357,Minimize the Maximum Adjacent Element Difference,Hard,,https://leetcode.com/problems/minimize-the-maximum-adjacent-element-difference/
3360,Stone Removal Game,Easy,,https://leetcode.com/problems/stone-removal-game/
3361,Shift Distance Between Two Strings,Medium,,https://leetcode.com/problems/shift-distance-between-two-strings/
3362,Zero Array Transformation III,Medium,,https://leetcode.com/problems/zero-array-transformation-iii/
3363,Find the Maximum Number of Fruits Collected,Hard,,https://leetcode.com/problems/find-the-maximum-number-of-fruits-collected/
3364,Minimum Positive Sum Subarray,Easy,,https://leetcode.com/problems/minimum-positive-sum-subarray/
3365,Rearrange K Substrings to Form Target String,Medium,,https://leetcode.com/problems/rearrange-k-substrings-to-form-target-string/
3366,Minimum Array Sum,Medium,,https://leetcode.com/problems/minimum-array-sum/
3367,Maximize Sum of Weights after Edge Removals,Hard,,https://leetcode.com/problems/maximize-sum-of-weights-after-edge-removals/
3370,Smallest Number With All Set Bits,Easy,,https://leetcode.com/problems/smallest-number-with-all-set-bits/
3371,Identify the Largest Outlier in an Array,Medium,,https://leetcode.com/problems/identify-the-largest-outlier-in-an-array/
3372,Maximize the Number of Target Nodes After Connecting Trees I,Medium,,https://leetcode.com/problems/maximize-the-number-of-target-nodes-after-connecting-trees-i/
3373,Maximize the Number of Target Nodes After Connecting Trees II,Hard,,https://leetcode.com/problems/maximize-the-number-of-target-nodes-after-connecting-trees-ii/
3374,First Letter Capitalization II,Hard,,https://leetcode.com/problems/first-letter-capitalization-ii/
3375,Minimum Operations to Make Array Values Equal to K,Easy,,https://leetcode.com/problems/minimum-operations-to-make-array-values-equal-to-k/
3376,Minimum Time to Break Locks I,Medium,,https://leetcode.com/problems/minimum-time-to-break-locks-i/
3377,Digit Operations to Make Two Integers Equal,Medium,,https://leetcode.com/problems/digit-operations-to-make-two-integers-equal/
3378,Count Connected Components in LCM Graph,Hard,,https://leetcode.com/problems/count-connected-components-in-lcm-graph/
3379,Transformed Array,Easy,,https://leetcode.com/problems/transformed-array/
3380,Maximum Area Rectangle With Point Constraints I,Medium,,https://leetcode.com/problems/maximum-area-rectangle-with-point-constraints-i/
3381,Maximum Subarray Sum With Length Divisible by K,Medium,,https://leetcode.com/problems/maximum-subarray-sum-with-length-divisible-by-k/
3382,Maximum Area Rectangle With Point Constraints II,Hard,,https://leetcode.com/problems/maximum-area-rectangle-with-point-constraints-ii/
3386,Button with Longest Push Time,Easy,,https://leetcode.com/problems/button-with-longest-push-time/
3387,Maximize Amount After Two Days of Conversions,Medium,,https://leetcode.com/problems/maximize-amount-after-two-days-of-conversions/
3388,Count Beautiful Splits in an Array,Medium,,https://leetcode.com/problems/count-beautiful-splits-in-an-array/
3389,Minimum Operations to Make Character Frequencies Equal,Hard,,https://leetcode.com/problems/minimum-operations-to-make-character-frequencies-equal/
3392,Count Subarrays of Length Three With a Condition,Easy,,https://leetcode.com/problems/count-subarrays-of-length-three-with-a-condition/
3393,Count Paths With the Given XOR Value,Medium,,https://leetcode.com/problems/count-paths-with-the-given-xor-value/
3394,Check if Grid can be Cut into Sections,Medium,,https://leetcode.com/problems/check-if-grid-can-be-cut-into-sections/
3395,Subsequences with a Unique Middle Mode I,Hard,,https://leetcode.com/problems/subsequences-with-a-unique-middle-mode-i/
3396,Minimum Number of Operations to Make Elements in Array Distinct,Easy,,https://leetcode.com/problems/minimum-number-of-operations-to-make-elements-in-array-distinct/
3397,Maximum Number of Distinct Elements After Operations,Medium,,https://leetcode.com/problems/maximum-number-of-distinct-elements-after-operations/
3398,Smallest Substring With Identical Characters I,Hard,,https://leetcode.com/problems/smallest-substring-with-identical-characters-i/
3399,Smallest Substring With Identical Characters II,Hard,,https://leetcode.com/problems/smallest-substring-with-identical-characters-ii/
3402,Minimum Operations to Make Columns Strictly Increasing,Easy,,https://leetcode.com/problems/minimum-operations-to-make-columns-strictly-increasing/
3403,Find the Lexicographically Largest String From the Box I,Medium,,https://leetcode.com/problems/find-the-lexicographically-largest-string-from-the-box-i/
3404,Count Special Subsequences,Medium,,https://leetcode.com/problems/count-special-subsequences/
3405,Count the Number of Arrays with K Matching Adjacent Elements,Hard,,https://leetcode.com/problems/count-the-number-of-arrays-with-k-matching-adjacent-elements/
3407,Substring Matching Pattern,Easy,,https://leetcode.com/problems/substring-matching-pattern/
3408,Design Task Manager,Medium,,https://leetcode.com/problems/design-task-manager/
3409,Longest Subsequence With Decreasing Adjacent Difference,Medium,,https://leetcode.com/problems/longest-subsequence-with-decreasing-adjacent-difference/
3410,Maximize Subarray Sum After Removing All Occurrences of One Element,Hard,,https://leetcode.com/problems/maximize-subarray-sum-after-removing-all-occurrences-of-one-element/
3411,Maximum Subarray With Equal Products,Easy,,https://leetcode.com/problems/maximum-subarray-with-equal-products/
3412,Find Mirror Score of a String,Medium,,https://leetcode.com/problems/find-mirror-score-of-a-string/
3413,Maximum Coins From K Consecutive Bags,Medium,,https://leetcode.com/problems/maximum-coins-from-k-consecutive-bags/
3414,Maximum Score of Non-overlapping Intervals,Hard,,https://leetcode.com/problems/maximum-score-of-non-overlapping-intervals/
3417,Zigzag Grid Traversal With Skip,Easy,,https://leetcode.com/problems/zigzag-grid-traversal-with-skip/
3418,Maximum Amount of Money Robot Can Earn,Medium,,https://leetcode.com/problems/maximum-amount-of-money-robot-can-earn/
3419,Minimize the Maximum Edge Weight of Graph,Medium,,https://leetcode.com/problems/minimize-the-maximum-edge-weight-of-graph/
3420,Count Non-Decreasing Subarrays After K Operations,Hard,,https://leetcode.com/problems/count-non-decreasing-subarrays-after-k-operations/
3421,Find Students Who Improved,Medium,,https://leetcode.com/problems/find-students-who-improved/
3423,Maximum Difference Between Adjacent Elements in a Circular Array,Easy,,https://leetcode.com/problems/maximum-difference-between-adjacent-elements-in-a-circular-array/
3424,Minimum Cost to Make Arrays Identical,Medium,,https://leetcode.com/problems/minimum-cost-to-make-arrays-identical/
3425,Longest Special Path,Hard,,https://leetcode.com/problems/longest-special-path/
3426,Manhattan Distances of All Arrangements of Pieces,Hard,,https://leetcode.com/problems/manhattan-distances-of-all-arrangements-of-pieces/
3427,Sum of Variable Length Subarrays,Easy,,https://leetcode.com/problems/sum-of-variable-length-subarrays/
3428,Maximum and Minimum Sums of at Most Size K Subsequences,Medium,,https://leetcode.com/problems/maximum-and-minimum-sums-of-at-most-size-k-subsequences/
3429,Paint House IV,Medium,,https://leetcode.com/problems/paint-house-iv/
3430,Maximum and Minimum Sums of at Most Size K Subarrays,Hard,,https://leetcode.com/problems/maximum-and-minimum-sums-of-at-most-size-k-subarrays/
3432,Count Partitions with Even Sum Difference,Easy,,https://leetcode.com/problems/count-partitions-with-even-sum-difference/
3433,Count Mentions Per User,Medium,,https://leetcode.com/problems/count-mentions-per-user/
3434,Maximum Frequency After Subarray Operation,Medium,,https://leetcode.com/problems/maximum-frequency-after-subarray-operation/
3435,Frequencies of Shortest Supersequences,Hard,,https://leetcode.com/problems/frequencies-of-shortest-supersequences/
3436,Find Valid Emails,Easy,,https://leetcode.com/problems/find-valid-emails/
3438,Find Valid Pair of Adjacent Digits in String,Easy,,https://leetcode.com/problems/find-valid-pair-of-adjacent-digits-in-string/
3439,Reschedule Meetings for Maximum Free Time I,Medium,,https://leetcode.com/problems/reschedule-meetings-for-maximum-free-time-i/
3440,Reschedule Meetings for Maximum Free Time II,Medium,,https://leetcode.com/problems/reschedule-meetings-for-maximum-free-time-ii/
3441,Minimum Cost Good Caption,Hard,,https://leetcode.com/problems/minimum-cost-good-caption/
3442,Maximum Difference Between Even and Odd Frequency I,Easy,,https://leetcode.com/problems/maximum-difference-between-even-and-odd-frequency-i/
3443,Maximum Manhattan Distance After K Changes,Medium,,https://leetcode.com/problems/maximum-manhattan-distance-after-k-changes/
3444,Minimum Increments for Target Multiples in an Array,Hard,,https://leetcode.com/problems/minimum-increments-for-target-multiples-in-an-array/
3445,Maximum Difference Between Even and Odd Frequency II,Hard,,https://leetcode.com/problems/maximum-difference-between-even-and-odd-frequency-ii/
3446,Sort Matrix by Diagonals,Medium,,https://leetcode.com/problems/sort-matrix-by-diagonals/
3447,Assign Elements to Groups with Constraints,Medium,,https://leetcode.com/problems/assign-elements-to-groups-with-constraints/
3448,Count Substrings Divisible By Last Digit,Hard,,https://leetcode.com/problems/count-substrings-divisible-by-last-digit/
3449,Maximize the Minimum Game Score,Hard,,https://leetcode.com/problems/maximize-the-minimum-game-score/
3451,Find Invalid IP Addresses,Hard,,https://leetcode.com/problems/find-invalid-ip-addresses/
3452,Sum of Good Numbers,Easy,,https://leetcode.com/problems/sum-of-good-numbers/
3453,Separate Squares I,Medium,,https://leetcode.com/problems/separate-squares-i/
3454,Separate Squares II,Hard,,https://leetcode.com/problems/separate-squares-ii/
3455,Shortest Matching Substring,Hard,,https://leetcode.com/problems/shortest-matching-substring/
3456,Find Special Substring of Length K,Easy,,https://leetcode.com/problems/find-special-substring-of-length-k/
3457,Eat Pizzas!,Medium,,https://leetcode.com/problems/eat-pizzas/
3458,Select K Disjoint Special Substrings,Medium,,https://leetcode.com/problems/select-k-disjoint-special-substrings/
3459,Length of Longest V-Shaped Diagonal Segment,Hard,,https://leetcode.com/problems/length-of-longest-v-shaped-diagonal-segment/
3461,Check If Digits Are Equal in String After Operations I,Easy,,https://leetcode.com/problems/check-if-digits-are-equal-in-string-after-operations-i/
3462,Maximum Sum With at Most K Elements,Medium,,https://leetcode.com/problems/maximum-sum-with-at-most-k-elements/
3463,Check If Digits Are Equal in String After Operations II,Hard,,https://leetcode.com/problems/check-if-digits-are-equal-in-string-after-operations-ii/
3464,Maximize the Distance Between Points on a Square,Hard,,https://leetcode.com/problems/maximize-the-distance-between-points-on-a-square/
3465,Find Products with Valid Serial Numbers,Easy,,https://leetcode.com/problems/find-products-with-valid-serial-numbers/
3467,Transform Array by Parity,Easy,,https://leetcode.com/problems/transform-array-by-parity/
3468,Find the Number of Copy Arrays,Medium,,https://leetcode.com/problems/find-the-number-of-copy-arrays/
3469,Find Minimum Cost to Remove Array Elements,Medium,,https://leetcode.com/problems/find-minimum-cost-to-remove-array-elements/
3470,Permutations IV,Hard,,https://leetcode.com/problems/permutations-iv/
3471,Find the Largest Almost Missing Integer,Easy,,https://leetcode.com/problems/find-the-largest-almost-missing-integer/
3472,Longest Palindromic Subsequence After at Most K Operations,Medium,,https://leetcode.com/problems/longest-palindromic-subsequence-after-at-most-k-operations/
3473,Sum of K Subarrays With Length at Least M,Medium,,https://leetcode.com/problems/sum-of-k-subarrays-with-length-at-least-m/
3474,Lexicographically Smallest Generated String,Hard,,https://leetcode.com/problems/lexicographically-smallest-generated-string/
3475,DNA Pattern Recognition,Medium,,https://leetcode.com/problems/dna-pattern-recognition/
3477,Fruits Into Baskets II,Easy,,https://leetcode.com/problems/fruits-into-baskets-ii/
3478,Choose K Elements With Maximum Sum,Medium,,https://leetcode.com/problems/choose-k-elements-with-maximum-sum/
3479,Fruits Into Baskets III,Medium,,https://leetcode.com/problems/fruits-into-baskets-iii/
3480,Maximize Subarrays After Removing One Conflicting Pair,Hard,,https://leetcode.com/problems/maximize-subarrays-after-removing-one-conflicting-pair/
3482,Analyze Organization Hierarchy,Hard,,https://leetcode.com/problems/analyze-organization-hierarchy/
3483,Unique 3-Digit Even Numbers,Easy,,https://leetcode.com/problems/unique-3-digit-even-numbers/
3484,Design Spreadsheet,Medium,,https://leetcode.com/problems/design-spreadsheet/
3485,Longest Common Prefix of K Strings After Removal,Hard,,https://leetcode.com/problems/longest-common-prefix-of-k-strings-after-removal/
3486,Longest Special Path II,Hard,,https://leetcode.com/problems/longest-special-path-ii/
3487,Maximum Unique Subarray Sum After Deletion,Easy,,https://leetcode.com/problems/maximum-unique-subarray-sum-after-deletion/
3488,Closest Equal Element Queries,Medium,,https://leetcode.com/problems/closest-equal-element-queries/
3489,Zero Array Transformation IV,Medium,,https://leetcode.com/problems/zero-array-transformation-iv/
3490,Count Beautiful Numbers,Hard,,https://leetcode.com/problems/count-beautiful-numbers/
3492,Maximum Containers on a Ship,Easy,,https://leetcode.com/problems/maximum-containers-on-a-ship/
3493,Properties Graph,Medium,,https://leetcode.com/problems/properties-graph/
3494,Find the Minimum Amount of Time to Brew Potions,Medium,,https://leetcode.com/problems/find-the-minimum-amount-of-time-to-brew-potions/
3495,Minimum Operations to Make Array Elements Zero,Hard,,https://leetcode.com/problems/minimum-operations-to-make-array-elements-zero/
3497,Analyze Subscription Conversion,Medium,,https://leetcode.com/problems/analyze-subscription-conversion/
3498,Reverse Degree of a String,Easy,,https://leetcode.com/problems/reverse-degree-of-a-string/
3499,Maximize Active Section with Trade I,Medium,,https://leetcode.com/problems/maximize-active-section-with-trade-i/
3500,Minimum Cost to Divide Array Into Subarrays,Hard,,https://leetcode.com/problems/minimum-cost-to-divide-array-into-subarrays/
3501,Maximize Active Section with Trade II,Hard,,https://leetcode.com/problems/maximize-active-section-with-trade-ii/
3502,Minimum Cost to Reach Every Position,Easy,,https://leetcode.com/problems/minimum-cost-to-reach-every-position/
3503,Longest Palindrome After Substring Concatenation I,Medium,,https://leetcode.com/problems/longest-palindrome-after-substring-concatenation-i/
3504,Longest Palindrome After Substring Concatenation II,Hard,,https://leetcode.com/problems/longest-palindrome-after-substring-concatenation-ii/
3505,Minimum Operations to Make Elements Within K Subarrays Equal,Hard,,https://leetcode.com/problems/minimum-operations-to-make-elements-within-k-subarrays-equal/
3507,Minimum Pair Removal to Sort Array I,Easy,,https://leetcode.com/problems/minimum-pair-removal-to-sort-array-i/
3508,Implement Router,Medium,,https://leetcode.com/problems/implement-router/
3509,Maximum Product of Subsequences With an Alternating Sum Equal to K,Hard,,https://leetcode.com/problems/maximum-product-of-subsequences-with-an-alternating-sum-equal-to-k/
3510,Minimum Pair Removal to Sort Array II,Hard,,https://leetcode.com/problems/minimum-pair-removal-to-sort-array-ii/
